OrderID,Date,CustomerID,Product,Quantity,UnitPrice,ShippingAddress,PaymentMethod,OrderStatus,TrackingNumber,ItemsInCart,CouponCode,ReferralSource,TotalPrice
ORD200000,2023-01-04,C72649,Monitor,5,571,928 Main St,Debit Card,Shipped,TRK37947903,7,SAVE10,Instagram,2853
ORD200001,2024-08-23,C75739,Phone,2,151,823 Main St,Online,Shipped,TRK91186779,3,SAVE10,Referral,303
ORD200002,2024-02-27,C81728,Tablet,5,551,512 Main St,Credit Card,Cancelled,TRK42903982,8,FREESHIP,Email,2753
ORD200003,2023-10-15,C33540,Chair,1,273,275 Main St,Debit Card,Returned,TRK62788070,5,SAVE10,Facebook,273
ORD200004,2025-05-08,C81840,Printer,4,626,668 Main St,Online,Delivered,TRK29241424,8,SAVE10,Email,2504
ORD200005,2023-10-23,C37249,Phone,2,246,934 Main St,Credit Card,Shipped,TRK72976927,4,SAVE10,Instagram,492
ORD200006,2025-06-17,C83492,Laptop,1,664,986 Main St,Gift Card,Returned,TRK96417362,6,SAVE10,Facebook,664
ORD200007,2023-05-12,C41460,Monitor,5,150,706 Main St,Cash,Shipped,TRK78809193,9,FREESHIP,Facebook,748
ORD200008,2025-04-02,C26817,Phone,2,134,904 Main St,Gift Card,Cancelled,TRK61042692,2,NO COUPON,Email,269
ORD200009,2023-11-21,C31946,Desk,4,509,102 Main St,Credit Card,Shipped,TRK33478363,6,SAVE10,Google,2038
ORD200010,2023-12-29,C43443,Tablet,5,626,333 Main St,Credit Card,Returned,TRK98859248,9,WINTER15,Instagram,3130
ORD200011,2024-02-17,C93861,Monitor,3,49,831 Main St,Online,Returned,TRK48234646,7,SAVE10,Email,147
ORD200012,2024-10-15,C38785,Monitor,2,181,179 Main St,Debit Card,Pending,TRK20419991,6,FREESHIP,Referral,361
ORD200013,2023-08-30,C88348,Laptop,3,201,903 Main St,Credit Card,Returned,TRK81913874,4,FREESHIP,Facebook,604
ORD200014,2023-03-27,C98474,Tablet,2,393,980 Main St,Debit Card,Pending,TRK79186539,3,SAVE10,Instagram,787
ORD200015,2023-07-17,C39416,Printer,1,474,942 Main St,Cash,Delivered,TRK54930938,3,NO COUPON,Google,474
ORD200016,2023-01-24,C28976,Printer,2,534,914 Main St,Credit Card,Pending,TRK13194259,3,FREESHIP,Email,1068
ORD200017,2024-03-02,C60672,Tablet,1,423,382 Main St,Debit Card,Shipped,TRK11972116,3,NO COUPON,Referral,423
ORD200018,2025-03-26,C84329,Desk,1,431,891 Main St,Gift Card,Pending,TRK65191045,3,SAVE10,Facebook,431
ORD200019,2023-01-23,C14552,Monitor,5,224,273 Main St,Cash,Returned,TRK59101365,9,SAVE10,Google,1120
ORD200020,2023-05-08,C54829,Chair,5,63,587 Main St,Cash,Pending,TRK16718651,9,WINTER15,Instagram,313
ORD200021,2024-11-17,C99023,Monitor,4,343,569 Main St,Cash,Delivered,TRK52646983,6,NO COUPON,Google,1372
ORD200022,2023-01-29,C34416,Monitor,2,50,633 Main St,Online,Pending,TRK75937350,2,SAVE10,Google,99
ORD200023,2025-04-09,C42372,Phone,4,273,755 Main St,Debit Card,Cancelled,TRK36168083,5,FREESHIP,Referral,1093
ORD200024,2024-10-30,C17470,Laptop,2,231,956 Main St,Online,Delivered,TRK28775057,3,WINTER15,Referral,462
ORD200025,2024-07-24,C42577,Monitor,1,400,709 Main St,Debit Card,Delivered,TRK69423327,3,WINTER15,Email,400
ORD200026,2024-03-06,C21944,Laptop,5,60,296 Main St,Online,Delivered,TRK80276812,6,NO COUPON,Referral,298
ORD200027,2024-02-22,C97593,Printer,1,473,881 Main St,Online,Shipped,TRK89117573,6,WINTER15,Google,473
ORD200028,2023-11-21,C59823,Phone,4,160,568 Main St,Online,Pending,TRK65895539,5,NO COUPON,Email,640
ORD200029,2024-09-20,C33260,Desk,3,424,930 Main St,Credit Card,Delivered,TRK59744090,6,SAVE10,Referral,1271
ORD200030,2025-03-22,C44267,Monitor,2,427,895 Main St,Online,Pending,TRK54751444,5,SAVE10,Referral,853
ORD200031,2023-06-30,C26445,Chair,3,500,996 Main St,Debit Card,Returned,TRK31229981,6,NO COUPON,Facebook,1500
ORD200032,2023-05-01,C12388,Tablet,5,537,830 Main St,Cash,Delivered,TRK99261395,10,NO COUPON,Email,2684
ORD200033,2023-06-05,C52184,Chair,1,163,912 Main St,Online,Cancelled,TRK73312471,4,WINTER15,Facebook,163
ORD200034,2023-01-07,C67195,Chair,4,577,926 Main St,Credit Card,Pending,TRK55467915,5,WINTER15,Facebook,2306
ORD200035,2024-12-07,C50304,Monitor,2,465,128 Main St,Online,Shipped,TRK46850888,2,SAVE10,Facebook,930
ORD200036,2025-05-08,C59337,Laptop,2,534,465 Main St,Debit Card,Pending,TRK50961250,5,NO COUPON,Facebook,1069
ORD200037,2024-10-14,C10054,Laptop,2,77,409 Main St,Cash,Returned,TRK94005261,7,SAVE10,Instagram,153
ORD200038,2024-12-19,C15924,Laptop,1,246,549 Main St,Debit Card,Delivered,TRK14835975,3,SAVE10,Google,246
ORD200039,2025-02-27,C96664,Printer,3,256,666 Main St,Credit Card,Delivered,TRK85508960,4,SAVE10,Referral,769
ORD200040,2023-08-20,C84766,Desk,2,344,267 Main St,Online,Delivered,TRK78967923,4,FREESHIP,Instagram,688
ORD200041,2023-12-05,C20212,Monitor,3,611,657 Main St,Gift Card,Pending,TRK69733327,4,FREESHIP,Instagram,1834
ORD200042,2024-05-06,C28712,Printer,2,152,980 Main St,Cash,Cancelled,TRK40772558,6,NO COUPON,Instagram,303
ORD200043,2023-12-14,C60572,Chair,3,499,871 Main St,Online,Cancelled,TRK20351666,8,NO COUPON,Instagram,1498
ORD200044,2025-04-21,C73225,Phone,2,550,996 Main St,Gift Card,Returned,TRK73848522,3,FREESHIP,Referral,1100
ORD200045,2024-02-10,C17388,Chair,1,317,157 Main St,Debit Card,Returned,TRK47077395,1,SAVE10,Facebook,317
ORD200046,2024-06-26,C43212,Monitor,4,550,223 Main St,Debit Card,Pending,TRK25100762,4,FREESHIP,Instagram,2201
ORD200047,2023-07-19,C38134,Desk,2,210,323 Main St,Credit Card,Returned,TRK42450754,3,FREESHIP,Email,420
ORD200048,2023-08-26,C12408,Monitor,2,81,464 Main St,Debit Card,Shipped,TRK38938858,4,NO COUPON,Google,162
ORD200049,2023-10-07,C11985,Printer,1,30,633 Main St,Credit Card,Shipped,TRK53272402,1,SAVE10,Email,30
ORD200050,2023-07-31,C96494,Tablet,1,179,446 Main St,Online,Cancelled,TRK14675049,6,FREESHIP,Instagram,179
ORD200051,2024-12-30,C36778,Tablet,1,388,434 Main St,Cash,Returned,TRK67610289,2,SAVE10,Facebook,388
ORD200052,2024-09-08,C30513,Tablet,1,586,232 Main St,Online,Returned,TRK64320429,5,SAVE10,Facebook,586
ORD200053,2024-05-18,C67551,Phone,4,489,512 Main St,Online,Returned,TRK94992552,5,FREESHIP,Google,1955
ORD200054,2025-03-27,C48120,Chair,1,280,623 Main St,Online,Pending,TRK11014449,5,WINTER15,Email,280
ORD200055,2025-06-24,C95984,Printer,3,344,565 Main St,Online,Cancelled,TRK67434829,3,NO COUPON,Facebook,1033
ORD200056,2023-05-21,C54298,Tablet,3,479,566 Main St,Cash,Cancelled,TRK62902341,5,WINTER15,Referral,1438
ORD200057,2023-01-22,C88036,Printer,5,314,842 Main St,Cash,Returned,TRK52470128,6,SAVE10,Instagram,1571
ORD200058,2023-01-15,C60190,Phone,4,475,202 Main St,Gift Card,Cancelled,TRK70857868,6,SAVE10,Google,1899
ORD200059,2024-09-11,C97603,Chair,4,593,811 Main St,Online,Shipped,TRK47055028,5,NO COUPON,Facebook,2373
ORD200060,2024-08-21,C39256,Desk,1,417,634 Main St,Debit Card,Returned,TRK23412025,3,FREESHIP,Referral,417
ORD200061,2024-03-24,C61618,Desk,4,122,104 Main St,Cash,Delivered,TRK43458485,7,FREESHIP,Facebook,489
ORD200062,2023-08-22,C36497,Desk,2,43,691 Main St,Debit Card,Pending,TRK12102911,3,WINTER15,Email,86
ORD200063,2025-02-02,C96695,Chair,1,565,813 Main St,Debit Card,Shipped,TRK64283851,6,WINTER15,Referral,565
ORD200064,2025-06-25,C49720,Printer,3,131,752 Main St,Debit Card,Cancelled,TRK55785217,4,FREESHIP,Facebook,392
ORD200065,2023-12-30,C97735,Monitor,5,82,385 Main St,Credit Card,Delivered,TRK13743703,6,NO COUPON,Instagram,409
ORD200066,2024-11-15,C18104,Chair,5,127,715 Main St,Cash,Cancelled,TRK15488568,9,SAVE10,Referral,636
ORD200067,2024-12-09,C25587,Printer,4,12,440 Main St,Debit Card,Cancelled,TRK55105323,8,NO COUPON,Google,48
ORD200068,2023-12-11,C41598,Chair,3,491,709 Main St,Credit Card,Pending,TRK81665940,5,FREESHIP,Email,1473
ORD200069,2023-05-11,C43338,Monitor,3,479,552 Main St,Online,Shipped,TRK35241775,4,NO COUPON,Referral,1436
ORD200070,2023-05-26,C25123,Desk,1,629,384 Main St,Gift Card,Pending,TRK27812282,2,FREESHIP,Instagram,629
ORD200071,2025-06-10,C37454,Monitor,3,434,923 Main St,Credit Card,Pending,TRK28252730,4,NO COUPON,Referral,1303
ORD200072,2024-12-22,C19451,Tablet,4,589,942 Main St,Gift Card,Returned,TRK87787793,5,NO COUPON,Facebook,2358
ORD200073,2023-05-03,C17269,Monitor,4,433,129 Main St,Gift Card,Cancelled,TRK79608389,4,NO COUPON,Facebook,1734
ORD200074,2023-06-24,C25382,Phone,5,91,622 Main St,Cash,Pending,TRK64691287,5,NO COUPON,Instagram,454
ORD200075,2023-09-26,C80651,Tablet,3,398,917 Main St,Debit Card,Delivered,TRK14846720,5,SAVE10,Email,1195
ORD200076,2024-03-31,C58638,Laptop,4,383,239 Main St,Cash,Cancelled,TRK38224871,6,WINTER15,Email,1532
ORD200077,2024-05-24,C50121,Phone,1,583,348 Main St,Credit Card,Returned,TRK79810059,5,NO COUPON,Google,583
ORD200078,2024-08-06,C32029,Printer,4,175,146 Main St,Debit Card,Delivered,TRK68535532,4,FREESHIP,Instagram,701
ORD200079,2025-03-10,C76700,Tablet,2,312,103 Main St,Online,Shipped,TRK13036341,2,NO COUPON,Facebook,624
ORD200080,2023-06-27,C29041,Phone,3,590,591 Main St,Online,Returned,TRK28840655,6,NO COUPON,Facebook,1769
ORD200081,2023-06-08,C29314,Monitor,2,394,496 Main St,Cash,Shipped,TRK59876213,6,FREESHIP,Email,789
ORD200082,2024-01-05,C65799,Tablet,4,565,971 Main St,Debit Card,Shipped,TRK66906607,9,SAVE10,Google,2261
ORD200083,2023-08-22,C15681,Laptop,4,540,989 Main St,Credit Card,Cancelled,TRK75112172,6,NO COUPON,Referral,2162
ORD200084,2023-08-28,C64160,Monitor,2,165,967 Main St,Online,Shipped,TRK34121529,4,WINTER15,Instagram,331
ORD200085,2024-09-09,C14553,Tablet,3,147,768 Main St,Cash,Delivered,TRK93538334,8,FREESHIP,Email,440
ORD200086,2024-06-19,C88205,Printer,5,643,447 Main St,Online,Cancelled,TRK93504166,5,FREESHIP,Referral,3215
ORD200087,2024-10-10,C91245,Tablet,3,225,915 Main St,Cash,Shipped,TRK46976391,4,SAVE10,Facebook,675
ORD200088,2025-06-05,C75439,Desk,3,115,318 Main St,Gift Card,Cancelled,TRK19831653,7,NO COUPON,Google,344
ORD200089,2025-02-25,C17181,Printer,5,455,291 Main St,Credit Card,Cancelled,TRK78912978,8,FREESHIP,Google,2277
ORD200090,2023-09-18,C36540,Chair,4,182,611 Main St,Gift Card,Delivered,TRK35828122,4,SAVE10,Email,728
ORD200091,2023-03-15,C98216,Laptop,5,493,196 Main St,Cash,Shipped,TRK40986666,6,WINTER15,Referral,2464
ORD200092,2024-06-10,C29568,Printer,4,49,203 Main St,Online,Shipped,TRK46531075,7,FREESHIP,Facebook,194
ORD200093,2023-01-14,C97262,Desk,4,431,837 Main St,Credit Card,Returned,TRK65990229,7,NO COUPON,Referral,1724
ORD200094,2023-02-11,C79821,Chair,1,531,781 Main St,Gift Card,Returned,TRK12780193,6,WINTER15,Instagram,531
ORD200095,2023-03-24,C76761,Printer,4,118,839 Main St,Debit Card,Returned,TRK60179774,7,NO COUPON,Referral,470
ORD200096,2024-06-01,C93007,Phone,2,233,103 Main St,Gift Card,Delivered,TRK85696091,7,NO COUPON,Instagram,466
ORD200097,2025-01-21,C15624,Tablet,5,620,922 Main St,Debit Card,Pending,TRK40621141,9,NO COUPON,Email,3098
ORD200098,2023-01-14,C70921,Printer,2,229,533 Main St,Debit Card,Pending,TRK54983109,3,NO COUPON,Email,457
ORD200099,2025-04-12,C30477,Printer,1,202,717 Main St,Debit Card,Cancelled,TRK51829648,2,WINTER15,Email,202
ORD200100,2023-02-17,C74866,Phone,3,665,743 Main St,Online,Delivered,TRK53783265,6,NO COUPON,Facebook,1994
ORD200101,2023-11-25,C15283,Printer,1,381,152 Main St,Cash,Shipped,TRK19286291,6,NO COUPON,Google,381
ORD200102,2023-03-08,C18037,Laptop,2,70,944 Main St,Gift Card,Cancelled,TRK47362236,3,FREESHIP,Email,141
ORD200103,2025-01-25,C62656,Phone,4,218,514 Main St,Credit Card,Cancelled,TRK86296459,9,SAVE10,Email,874
ORD200104,2024-07-30,C65744,Phone,1,582,647 Main St,Gift Card,Delivered,TRK39906058,1,FREESHIP,Email,582
ORD200105,2024-10-24,C72290,Printer,3,185,810 Main St,Gift Card,Cancelled,TRK68792129,7,NO COUPON,Facebook,556
ORD200106,2023-09-08,C73514,Desk,3,465,126 Main St,Credit Card,Cancelled,TRK96777924,3,SAVE10,Email,1395
ORD200107,2023-03-27,C16775,Printer,5,671,848 Main St,Gift Card,Shipped,TRK34392124,8,FREESHIP,Instagram,3354
ORD200108,2024-12-28,C33099,Laptop,5,48,522 Main St,Gift Card,Delivered,TRK28522330,9,WINTER15,Email,242
ORD200109,2023-09-17,C51157,Desk,3,593,131 Main St,Gift Card,Shipped,TRK18674578,3,FREESHIP,Referral,1779
ORD200110,2024-04-21,C74562,Tablet,1,221,388 Main St,Gift Card,Pending,TRK32062079,5,FREESHIP,Instagram,221
ORD200111,2025-05-07,C95271,Desk,3,309,620 Main St,Online,Cancelled,TRK74904969,7,FREESHIP,Google,928
ORD200112,2023-01-01,C81366,Monitor,1,411,423 Main St,Online,Cancelled,TRK17062206,2,WINTER15,Referral,411
ORD200113,2024-01-17,C65905,Laptop,5,190,605 Main St,Cash,Shipped,TRK73954365,9,FREESHIP,Instagram,950
ORD200114,2025-01-27,C77272,Monitor,5,498,115 Main St,Online,Pending,TRK29708128,8,SAVE10,Google,2492
ORD200115,2023-11-27,C32580,Phone,5,375,122 Main St,Online,Shipped,TRK23670394,9,SAVE10,Facebook,1875
ORD200116,2023-03-19,C47761,Printer,4,291,109 Main St,Credit Card,Cancelled,TRK66669207,6,WINTER15,Facebook,1165
ORD200117,2023-03-08,C49187,Tablet,1,536,593 Main St,Gift Card,Cancelled,TRK81888598,5,WINTER15,Referral,536
ORD200118,2023-10-09,C27898,Printer,5,503,807 Main St,Gift Card,Shipped,TRK61957665,7,FREESHIP,Google,2514
ORD200119,2025-06-11,C14683,Desk,2,535,187 Main St,Debit Card,Shipped,TRK47373682,7,FREESHIP,Referral,1069
ORD200120,2023-04-11,C58108,Tablet,4,629,986 Main St,Cash,Cancelled,TRK66218053,4,WINTER15,Instagram,2517
ORD200121,2023-11-30,C89822,Desk,1,411,673 Main St,Cash,Cancelled,TRK24138598,1,FREESHIP,Instagram,411
ORD200122,2024-04-15,C96787,Laptop,2,533,588 Main St,Gift Card,Shipped,TRK30422853,2,NO COUPON,Facebook,1066
ORD200123,2023-07-06,C86064,Desk,3,278,727 Main St,Online,Delivered,TRK62182901,5,NO COUPON,Instagram,834
ORD200124,2024-07-28,C97148,Printer,4,284,563 Main St,Online,Pending,TRK85321126,8,NO COUPON,Google,1135
ORD200125,2024-11-06,C91099,Phone,2,513,758 Main St,Credit Card,Shipped,TRK81846174,5,SAVE10,Email,1025
ORD200126,2025-05-03,C55606,Desk,4,276,353 Main St,Gift Card,Shipped,TRK68250319,8,FREESHIP,Google,1102
ORD200127,2023-08-10,C71486,Desk,3,469,365 Main St,Debit Card,Shipped,TRK73929833,3,NO COUPON,Google,1408
ORD200128,2023-02-17,C86408,Tablet,4,21,244 Main St,Gift Card,Delivered,TRK41432648,4,FREESHIP,Google,84
ORD200129,2023-10-27,C52751,Laptop,4,264,427 Main St,Debit Card,Shipped,TRK72481234,4,FREESHIP,Facebook,1056
ORD200130,2025-01-22,C29059,Desk,3,501,513 Main St,Online,Cancelled,TRK88360704,3,WINTER15,Facebook,1504
ORD200131,2023-01-08,C72862,Tablet,1,85,606 Main St,Gift Card,Pending,TRK51648833,5,NO COUPON,Instagram,85
ORD200132,2023-03-28,C96257,Tablet,4,451,583 Main St,Credit Card,Shipped,TRK13137948,6,WINTER15,Email,1803
ORD200133,2025-06-20,C87432,Chair,4,302,636 Main St,Debit Card,Cancelled,TRK68969625,6,SAVE10,Google,1208
ORD200134,2025-06-23,C16253,Laptop,2,200,583 Main St,Cash,Pending,TRK17354894,4,NO COUPON,Email,399
ORD200135,2023-08-04,C79909,Printer,2,69,642 Main St,Gift Card,Shipped,TRK86742257,5,SAVE10,Referral,138
ORD200136,2024-04-27,C73370,Laptop,1,44,595 Main St,Gift Card,Cancelled,TRK67820278,1,SAVE10,Instagram,44
ORD200137,2024-11-26,C50682,Monitor,2,251,598 Main St,Credit Card,Delivered,TRK12242337,5,NO COUPON,Google,502
ORD200138,2023-12-21,C21905,Tablet,1,298,478 Main St,Debit Card,Pending,TRK31863841,3,WINTER15,Google,298
ORD200139,2023-04-10,C61440,Phone,1,584,714 Main St,Cash,Returned,TRK33114521,1,NO COUPON,Email,584
ORD200140,2025-05-31,C33110,Chair,3,528,388 Main St,Online,Delivered,TRK38624225,3,FREESHIP,Email,1584
ORD200141,2023-11-18,C80004,Printer,3,684,151 Main St,Cash,Cancelled,TRK66230753,3,WINTER15,Instagram,2052
ORD200142,2023-09-06,C86374,Desk,5,273,573 Main St,Cash,Pending,TRK79451491,7,WINTER15,Email,1364
ORD200143,2024-06-13,C66521,Chair,4,400,933 Main St,Online,Shipped,TRK34654244,5,NO COUPON,Referral,1600
ORD200144,2023-08-04,C63365,Desk,5,220,895 Main St,Credit Card,Pending,TRK80100887,8,NO COUPON,Facebook,1099
ORD200145,2024-03-02,C85929,Printer,3,147,798 Main St,Credit Card,Delivered,TRK29318610,6,FREESHIP,Google,441
ORD200146,2025-04-30,C84645,Tablet,2,411,404 Main St,Credit Card,Returned,TRK68893369,4,NO COUPON,Instagram,823
ORD200147,2025-05-06,C46316,Laptop,2,465,893 Main St,Credit Card,Cancelled,TRK16196000,2,SAVE10,Google,930
ORD200148,2024-12-15,C35100,Phone,2,320,139 Main St,Credit Card,Cancelled,TRK56853491,3,WINTER15,Google,640
ORD200149,2023-12-27,C39671,Laptop,1,218,174 Main St,Debit Card,Delivered,TRK47153818,3,NO COUPON,Facebook,218
ORD200150,2023-12-13,C25503,Phone,2,106,981 Main St,Debit Card,Returned,TRK29878837,5,WINTER15,Google,211
ORD200151,2023-12-01,C32960,Printer,5,445,947 Main St,Debit Card,Returned,TRK91226500,7,NO COUPON,Email,2224
ORD200152,2025-01-02,C77736,Chair,2,399,659 Main St,Cash,Cancelled,TRK90329250,3,FREESHIP,Referral,798
ORD200153,2024-12-18,C71570,Chair,4,534,437 Main St,Online,Returned,TRK95992269,9,WINTER15,Instagram,2138
ORD200154,2023-07-20,C73587,Phone,4,408,727 Main St,Credit Card,Pending,TRK13955543,9,NO COUPON,Instagram,1633
ORD200155,2023-02-27,C62740,Phone,1,424,446 Main St,Online,Shipped,TRK20706408,6,WINTER15,Referral,424
ORD200156,2024-11-08,C58808,Chair,2,270,651 Main St,Online,Delivered,TRK24451893,4,SAVE10,Email,540
ORD200157,2025-02-21,C50422,Monitor,2,565,636 Main St,Online,Returned,TRK71227815,4,WINTER15,Facebook,1129
ORD200158,2024-05-16,C23334,Tablet,1,331,737 Main St,Credit Card,Pending,TRK46335144,5,WINTER15,Instagram,331
ORD200159,2023-10-31,C48965,Printer,1,299,819 Main St,Credit Card,Cancelled,TRK50921780,5,WINTER15,Email,299
ORD200160,2023-02-17,C38669,Monitor,4,101,240 Main St,Cash,Pending,TRK81738254,7,NO COUPON,Referral,405
ORD200161,2024-03-29,C35091,Monitor,1,211,513 Main St,Credit Card,Cancelled,TRK53784452,1,SAVE10,Facebook,211
ORD200162,2023-07-27,C82313,Chair,3,66,917 Main St,Online,Pending,TRK79854624,8,WINTER15,Google,198
ORD200163,2025-06-24,C99589,Tablet,1,641,277 Main St,Online,Cancelled,TRK16695001,1,NO COUPON,Referral,641
ORD200164,2023-12-28,C70566,Desk,5,537,667 Main St,Gift Card,Pending,TRK49673411,5,SAVE10,Google,2683
ORD200165,2024-09-14,C60355,Monitor,2,500,226 Main St,Online,Returned,TRK30155194,7,WINTER15,Google,1001
ORD200166,2025-03-04,C28889,Chair,3,86,565 Main St,Cash,Delivered,TRK23791726,6,WINTER15,Instagram,259
ORD200167,2023-05-27,C88304,Chair,2,384,219 Main St,Online,Returned,TRK44268941,2,WINTER15,Email,768
ORD200168,2025-01-04,C49517,Printer,1,595,878 Main St,Cash,Returned,TRK78551375,6,NO COUPON,Facebook,595
ORD200169,2024-04-07,C35785,Printer,1,428,732 Main St,Online,Delivered,TRK78923089,2,WINTER15,Email,428
ORD200170,2025-04-04,C80223,Desk,4,663,535 Main St,Cash,Cancelled,TRK68632951,8,SAVE10,Instagram,2652
ORD200171,2023-08-15,C20448,Tablet,2,148,336 Main St,Credit Card,Delivered,TRK67379895,7,WINTER15,Instagram,296
ORD200172,2025-04-06,C34134,Printer,1,254,365 Main St,Online,Delivered,TRK43074303,1,WINTER15,Email,254
ORD200173,2024-03-24,C95901,Phone,3,664,806 Main St,Online,Delivered,TRK56989066,4,FREESHIP,Google,1993
ORD200174,2024-04-16,C51145,Printer,4,601,790 Main St,Debit Card,Delivered,TRK59154274,9,SAVE10,Email,2403
ORD200175,2025-02-08,C78170,Chair,5,68,332 Main St,Debit Card,Pending,TRK71410605,6,WINTER15,Referral,342
ORD200176,2025-06-28,C80151,Tablet,4,431,553 Main St,Gift Card,Pending,TRK88251529,8,WINTER15,Referral,1723
ORD200177,2023-08-05,C55632,Chair,5,432,354 Main St,Credit Card,Pending,TRK13003066,10,NO COUPON,Facebook,2158
ORD200178,2024-04-11,C53070,Chair,4,512,283 Main St,Online,Delivered,TRK49791755,5,SAVE10,Google,2048
ORD200179,2024-11-24,C27401,Laptop,3,540,500 Main St,Credit Card,Delivered,TRK14332053,8,NO COUPON,Email,1620
ORD200180,2023-03-18,C87216,Tablet,5,316,970 Main St,Cash,Returned,TRK18713727,10,NO COUPON,Google,1580
ORD200181,2024-08-31,C38966,Printer,5,404,247 Main St,Online,Shipped,TRK17205146,10,NO COUPON,Referral,2022
ORD200182,2025-03-19,C16612,Desk,1,601,596 Main St,Debit Card,Pending,TRK96188223,4,WINTER15,Google,601
ORD200183,2024-04-18,C39246,Monitor,5,186,258 Main St,Debit Card,Delivered,TRK16658182,8,SAVE10,Email,931
ORD200184,2024-04-04,C65180,Tablet,4,215,231 Main St,Gift Card,Cancelled,TRK39255469,7,NO COUPON,Referral,858
ORD200185,2025-02-02,C46877,Laptop,1,211,572 Main St,Online,Shipped,TRK96935978,2,WINTER15,Referral,211
ORD200186,2023-12-07,C30334,Phone,2,134,322 Main St,Cash,Pending,TRK66388885,7,FREESHIP,Facebook,267
ORD200187,2023-02-08,C21227,Chair,1,591,689 Main St,Gift Card,Returned,TRK79129657,6,FREESHIP,Referral,591
ORD200188,2025-03-15,C97715,Chair,2,364,927 Main St,Gift Card,Shipped,TRK19515949,2,FREESHIP,Referral,728
ORD200189,2023-07-05,C48939,Printer,5,429,597 Main St,Gift Card,Cancelled,TRK62786764,5,WINTER15,Email,2147
ORD200190,2024-08-31,C35483,Printer,3,224,725 Main St,Cash,Returned,TRK79638203,3,SAVE10,Email,671
ORD200191,2025-03-08,C51494,Laptop,2,489,505 Main St,Online,Cancelled,TRK58520306,4,FREESHIP,Google,978
ORD200192,2023-08-11,C58410,Desk,1,645,151 Main St,Gift Card,Cancelled,TRK19749672,5,SAVE10,Google,645
ORD200193,2023-07-21,C11644,Printer,1,47,429 Main St,Cash,Cancelled,TRK81320339,6,NO COUPON,Google,47
ORD200194,2024-06-08,C53501,Monitor,1,250,899 Main St,Cash,Shipped,TRK90144892,3,FREESHIP,Google,250
ORD200195,2024-04-22,C63619,Chair,3,619,801 Main St,Debit Card,Cancelled,TRK65385674,6,NO COUPON,Email,1858
ORD200196,2025-01-24,C40882,Desk,4,217,719 Main St,Cash,Delivered,TRK64165503,8,WINTER15,Email,869
ORD200197,2023-08-27,C80135,Laptop,5,222,723 Main St,Cash,Returned,TRK95222269,5,WINTER15,Referral,1108
ORD200198,2024-06-11,C37594,Laptop,4,340,926 Main St,Cash,Cancelled,TRK94405162,8,SAVE10,Referral,1361
ORD200199,2025-01-23,C87524,Phone,1,625,358 Main St,Online,Returned,TRK21114341,5,WINTER15,Google,625
ORD200200,2025-06-07,C97681,Tablet,5,433,895 Main St,Credit Card,Delivered,TRK37531040,9,SAVE10,Google,2166
ORD200201,2023-06-18,C10126,Monitor,2,675,146 Main St,Online,Shipped,TRK75607531,4,SAVE10,Facebook,1350
ORD200202,2025-02-06,C36938,Monitor,3,254,636 Main St,Credit Card,Cancelled,TRK52522904,3,FREESHIP,Email,762
ORD200203,2025-01-21,C99173,Printer,3,357,172 Main St,Online,Shipped,TRK89849342,5,SAVE10,Instagram,1071
ORD200204,2023-09-05,C99775,Laptop,4,414,478 Main St,Gift Card,Cancelled,TRK21638425,9,FREESHIP,Facebook,1655
ORD200205,2023-03-04,C19266,Desk,3,147,609 Main St,Debit Card,Returned,TRK58357269,3,NO COUPON,Email,442
ORD200206,2024-04-16,C31072,Laptop,4,229,729 Main St,Gift Card,Returned,TRK77172975,8,WINTER15,Email,916
ORD200207,2025-03-18,C54595,Phone,1,122,999 Main St,Debit Card,Delivered,TRK44416659,3,NO COUPON,Google,122
ORD200208,2024-10-08,C87777,Desk,2,408,597 Main St,Online,Shipped,TRK29003608,3,FREESHIP,Facebook,817
ORD200209,2023-08-29,C35854,Tablet,5,188,706 Main St,Cash,Returned,TRK30615168,9,SAVE10,Google,940
ORD200210,2024-12-05,C93821,Chair,3,358,513 Main St,Gift Card,Delivered,TRK10658539,7,FREESHIP,Facebook,1075
ORD200211,2025-01-03,C54390,Printer,3,194,185 Main St,Gift Card,Pending,TRK83853742,7,FREESHIP,Email,581
ORD200212,2023-06-20,C53215,Monitor,1,265,367 Main St,Credit Card,Cancelled,TRK34751835,6,WINTER15,Email,265
ORD200213,2023-04-20,C71122,Laptop,1,634,317 Main St,Cash,Cancelled,TRK54757882,6,SAVE10,Email,634
ORD200214,2024-08-21,C29483,Desk,4,306,673 Main St,Online,Delivered,TRK89423603,5,NO COUPON,Facebook,1223
ORD200215,2023-08-10,C26767,Printer,1,304,432 Main St,Cash,Shipped,TRK24585307,5,FREESHIP,Facebook,304
ORD200216,2025-04-15,C70492,Monitor,4,496,811 Main St,Online,Cancelled,TRK84625405,8,WINTER15,Google,1984
ORD200217,2024-05-20,C61549,Desk,4,322,908 Main St,Cash,Returned,TRK65596914,9,NO COUPON,Google,1286
ORD200218,2023-04-28,C11665,Tablet,3,112,882 Main St,Gift Card,Shipped,TRK10993930,6,SAVE10,Instagram,337
ORD200219,2025-05-02,C48946,Laptop,5,62,457 Main St,Cash,Delivered,TRK99387220,6,SAVE10,Email,310
ORD200220,2023-07-18,C79506,Laptop,2,373,497 Main St,Credit Card,Pending,TRK95188748,6,SAVE10,Referral,746
ORD200221,2024-02-23,C93473,Tablet,5,639,552 Main St,Debit Card,Pending,TRK50003989,6,SAVE10,Google,3197
ORD200222,2023-05-04,C43124,Chair,4,693,931 Main St,Online,Shipped,TRK17293348,8,NO COUPON,Instagram,2773
ORD200223,2024-09-11,C22783,Phone,4,693,673 Main St,Credit Card,Pending,TRK55009149,9,SAVE10,Instagram,2772
ORD200224,2023-09-23,C18567,Printer,4,91,507 Main St,Cash,Cancelled,TRK17554673,9,SAVE10,Referral,366
ORD200225,2024-03-13,C99879,Phone,3,274,692 Main St,Debit Card,Returned,TRK50246700,8,SAVE10,Google,822
ORD200226,2025-06-27,C31501,Desk,3,588,242 Main St,Gift Card,Delivered,TRK93063929,8,NO COUPON,Instagram,1764
ORD200227,2023-11-02,C93220,Monitor,2,365,353 Main St,Online,Cancelled,TRK89023251,4,FREESHIP,Facebook,730
ORD200228,2023-05-17,C57867,Chair,4,386,579 Main St,Credit Card,Cancelled,TRK92055007,8,NO COUPON,Instagram,1544
ORD200229,2025-03-28,C62622,Tablet,1,563,762 Main St,Credit Card,Delivered,TRK70997648,3,WINTER15,Facebook,563
ORD200230,2023-12-16,C94595,Desk,4,62,948 Main St,Gift Card,Delivered,TRK24497305,6,WINTER15,Email,248
ORD200231,2023-11-05,C30955,Phone,4,42,327 Main St,Gift Card,Pending,TRK46898848,9,FREESHIP,Instagram,168
ORD200232,2023-05-19,C20731,Printer,4,444,610 Main St,Debit Card,Cancelled,TRK75568437,8,WINTER15,Google,1778
ORD200233,2024-08-24,C30168,Phone,3,311,146 Main St,Cash,Cancelled,TRK73699939,3,WINTER15,Instagram,934
ORD200234,2024-11-26,C79842,Printer,4,236,337 Main St,Debit Card,Pending,TRK26957950,7,SAVE10,Google,946
ORD200235,2023-02-20,C32854,Desk,1,65,815 Main St,Cash,Pending,TRK30009218,2,WINTER15,Google,65
ORD200236,2023-01-01,C14847,Monitor,1,319,562 Main St,Debit Card,Pending,TRK39663243,3,WINTER15,Email,319
ORD200237,2024-03-14,C88645,Monitor,3,584,783 Main St,Credit Card,Shipped,TRK74097570,5,FREESHIP,Facebook,1751
ORD200238,2024-12-13,C66149,Desk,4,384,770 Main St,Credit Card,Pending,TRK76307307,6,WINTER15,Google,1537
ORD200239,2024-12-11,C20256,Tablet,3,539,456 Main St,Online,Shipped,TRK71127943,6,FREESHIP,Email,1616
ORD200240,2023-07-12,C14983,Tablet,1,17,255 Main St,Online,Pending,TRK93444157,2,FREESHIP,Instagram,17
ORD200241,2023-05-16,C20817,Chair,5,616,407 Main St,Online,Pending,TRK44164590,6,SAVE10,Email,3078
ORD200242,2023-05-09,C94921,Printer,2,219,134 Main St,Online,Pending,TRK97794327,4,SAVE10,Referral,438
ORD200243,2025-05-09,C54725,Chair,2,145,506 Main St,Online,Cancelled,TRK30601940,7,FREESHIP,Google,289
ORD200244,2023-02-16,C98096,Desk,2,318,838 Main St,Debit Card,Cancelled,TRK51518631,4,WINTER15,Facebook,636
ORD200245,2025-04-20,C12667,Laptop,1,223,306 Main St,Online,Returned,TRK25390491,1,NO COUPON,Facebook,223
ORD200246,2024-08-30,C55354,Desk,2,342,164 Main St,Gift Card,Shipped,TRK15439493,2,WINTER15,Instagram,684
ORD200247,2023-07-20,C14600,Printer,2,221,785 Main St,Gift Card,Shipped,TRK84984764,4,NO COUPON,Email,442
ORD200248,2023-07-02,C97187,Laptop,1,671,471 Main St,Cash,Shipped,TRK62283713,6,FREESHIP,Referral,671
ORD200249,2024-02-07,C39106,Printer,1,546,245 Main St,Cash,Pending,TRK35464433,5,FREESHIP,Referral,546
ORD200250,2023-04-05,C93379,Desk,3,43,318 Main St,Gift Card,Returned,TRK67954150,8,SAVE10,Email,129
ORD200251,2025-05-15,C93175,Monitor,4,15,814 Main St,Cash,Cancelled,TRK32995144,9,NO COUPON,Email,59
ORD200252,2024-09-20,C19648,Phone,4,668,821 Main St,Gift Card,Cancelled,TRK51297879,5,FREESHIP,Facebook,2673
ORD200253,2024-03-23,C14891,Chair,4,414,743 Main St,Gift Card,Returned,TRK79471534,7,FREESHIP,Instagram,1655
ORD200254,2023-12-26,C10866,Monitor,3,263,770 Main St,Online,Delivered,TRK34809583,5,NO COUPON,Instagram,790
ORD200255,2024-05-13,C47283,Monitor,1,264,806 Main St,Gift Card,Returned,TRK56235117,2,SAVE10,Google,264
ORD200256,2025-06-30,C94323,Chair,5,76,463 Main St,Gift Card,Returned,TRK22663277,10,WINTER15,Instagram,379
ORD200257,2024-04-23,C89732,Phone,1,406,712 Main St,Credit Card,Cancelled,TRK41059233,5,SAVE10,Referral,406
ORD200258,2024-02-26,C87764,Tablet,2,103,294 Main St,Online,Shipped,TRK94082469,2,FREESHIP,Referral,207
ORD200259,2023-06-11,C20977,Chair,4,435,636 Main St,Credit Card,Delivered,TRK54991561,9,SAVE10,Instagram,1740
ORD200260,2023-05-17,C12245,Monitor,2,408,153 Main St,Debit Card,Shipped,TRK22000463,3,NO COUPON,Google,816
ORD200261,2025-05-28,C68976,Phone,5,174,460 Main St,Gift Card,Delivered,TRK25491356,9,SAVE10,Email,868
ORD200262,2023-01-10,C69476,Phone,4,249,642 Main St,Credit Card,Returned,TRK65869386,5,WINTER15,Referral,996
ORD200263,2023-03-25,C71040,Phone,4,435,250 Main St,Credit Card,Pending,TRK41397604,4,WINTER15,Google,1739
ORD200264,2024-08-03,C71035,Tablet,1,437,977 Main St,Cash,Returned,TRK19599578,5,FREESHIP,Google,437
ORD200265,2023-12-22,C20752,Printer,1,572,150 Main St,Debit Card,Cancelled,TRK22298450,4,SAVE10,Google,572
ORD200266,2024-06-08,C38840,Chair,4,583,589 Main St,Credit Card,Cancelled,TRK48484633,6,FREESHIP,Referral,2332
ORD200267,2025-04-17,C84480,Chair,5,469,803 Main St,Debit Card,Delivered,TRK62361867,9,NO COUPON,Facebook,2343
ORD200268,2023-08-11,C37032,Phone,2,424,655 Main St,Debit Card,Delivered,TRK48639226,7,SAVE10,Referral,848
ORD200269,2023-11-25,C48942,Tablet,4,664,129 Main St,Credit Card,Pending,TRK29355120,7,FREESHIP,Google,2655
ORD200270,2023-06-04,C13540,Printer,4,310,127 Main St,Debit Card,Shipped,TRK81087373,5,WINTER15,Google,1240
ORD200271,2023-03-28,C59572,Monitor,1,542,791 Main St,Cash,Shipped,TRK16792991,6,WINTER15,Referral,542
ORD200272,2023-09-19,C29758,Chair,2,399,119 Main St,Online,Pending,TRK12990043,6,WINTER15,Instagram,799
ORD200273,2024-10-27,C11849,Tablet,2,238,974 Main St,Online,Cancelled,TRK91195261,7,FREESHIP,Email,477
ORD200274,2023-02-04,C50967,Phone,2,182,884 Main St,Gift Card,Cancelled,TRK65300814,5,SAVE10,Referral,365
ORD200275,2023-11-04,C80735,Chair,2,65,360 Main St,Credit Card,Cancelled,TRK99880231,4,SAVE10,Google,130
ORD200276,2025-03-29,C99050,Printer,2,601,654 Main St,Debit Card,Returned,TRK56927089,3,WINTER15,Instagram,1201
ORD200277,2024-09-09,C11210,Chair,5,91,910 Main St,Credit Card,Delivered,TRK44929965,9,SAVE10,Facebook,455
ORD200278,2024-11-18,C46015,Laptop,5,362,299 Main St,Cash,Delivered,TRK46598430,6,FREESHIP,Instagram,1812
ORD200279,2023-10-20,C69167,Chair,3,55,263 Main St,Online,Pending,TRK12425655,7,WINTER15,Email,165
ORD200280,2023-03-27,C55388,Tablet,3,405,740 Main St,Gift Card,Delivered,TRK75741001,6,FREESHIP,Instagram,1214
ORD200281,2023-07-27,C87181,Desk,4,655,195 Main St,Cash,Pending,TRK60093390,9,NO COUPON,Referral,2619
ORD200282,2025-04-22,C30411,Printer,4,638,375 Main St,Gift Card,Cancelled,TRK71810536,9,FREESHIP,Google,2551
ORD200283,2025-02-28,C39638,Laptop,4,540,990 Main St,Cash,Shipped,TRK69745608,6,NO COUPON,Google,2161
ORD200284,2023-02-16,C27203,Laptop,5,208,516 Main St,Credit Card,Returned,TRK22023906,6,SAVE10,Facebook,1041
ORD200285,2025-06-10,C67583,Phone,1,338,974 Main St,Online,Delivered,TRK93281700,3,NO COUPON,Google,338
ORD200286,2025-04-07,C70554,Monitor,3,139,187 Main St,Gift Card,Returned,TRK61086952,8,WINTER15,Google,418
ORD200287,2023-11-24,C70437,Chair,4,655,630 Main St,Online,Shipped,TRK26628830,5,NO COUPON,Facebook,2621
ORD200288,2023-03-12,C97643,Laptop,4,513,537 Main St,Debit Card,Returned,TRK60831391,8,WINTER15,Google,2051
ORD200289,2023-07-26,C17136,Chair,4,160,333 Main St,Credit Card,Shipped,TRK55362541,8,WINTER15,Referral,642
ORD200290,2023-05-05,C24901,Chair,3,100,258 Main St,Cash,Delivered,TRK14029489,8,FREESHIP,Facebook,300
ORD200291,2024-05-12,C61521,Phone,2,345,670 Main St,Credit Card,Delivered,TRK93676567,6,FREESHIP,Google,690
ORD200292,2025-01-15,C39639,Monitor,1,66,185 Main St,Credit Card,Delivered,TRK31042152,5,NO COUPON,Facebook,66
ORD200293,2023-02-16,C33220,Tablet,4,463,564 Main St,Gift Card,Returned,TRK40450219,9,NO COUPON,Instagram,1852
ORD200294,2025-04-01,C65414,Phone,2,298,208 Main St,Online,Shipped,TRK67562517,7,SAVE10,Referral,595
ORD200295,2023-01-25,C49009,Printer,5,107,278 Main St,Debit Card,Cancelled,TRK46285799,9,FREESHIP,Email,537
ORD200296,2024-06-19,C48453,Desk,5,639,434 Main St,Debit Card,Cancelled,TRK52110494,10,WINTER15,Referral,3194
ORD200297,2023-02-22,C68078,Desk,2,494,252 Main St,Credit Card,Returned,TRK64862812,7,SAVE10,Instagram,988
ORD200298,2023-12-19,C19402,Printer,4,301,267 Main St,Online,Cancelled,TRK97825212,6,NO COUPON,Email,1205
ORD200299,2024-01-20,C30711,Monitor,1,279,856 Main St,Gift Card,Cancelled,TRK42696593,2,FREESHIP,Instagram,279
ORD200300,2024-09-02,C39000,Phone,1,287,894 Main St,Debit Card,Returned,TRK33753945,3,FREESHIP,Facebook,287
ORD200301,2023-05-11,C31105,Chair,1,584,726 Main St,Cash,Cancelled,TRK40149095,2,SAVE10,Email,584
ORD200302,2023-05-16,C29432,Chair,3,469,121 Main St,Cash,Pending,TRK44142517,4,FREESHIP,Instagram,1406
ORD200303,2024-12-07,C48531,Tablet,1,31,368 Main St,Debit Card,Returned,TRK95462192,1,NO COUPON,Google,31
ORD200304,2024-10-18,C86762,Monitor,5,409,326 Main St,Gift Card,Delivered,TRK75686292,10,FREESHIP,Instagram,2044
ORD200305,2023-11-25,C63822,Laptop,4,127,235 Main St,Cash,Pending,TRK59353216,9,FREESHIP,Instagram,508
ORD200306,2024-06-07,C70495,Printer,2,57,238 Main St,Debit Card,Returned,TRK65511225,3,SAVE10,Instagram,114
ORD200307,2023-07-01,C92407,Laptop,3,557,135 Main St,Online,Delivered,TRK11755610,4,NO COUPON,Email,1672
ORD200308,2023-12-11,C75888,Printer,3,449,790 Main St,Debit Card,Returned,TRK98467398,7,SAVE10,Instagram,1347
ORD200309,2023-10-03,C63153,Chair,4,550,625 Main St,Debit Card,Delivered,TRK38033305,4,FREESHIP,Facebook,2199
ORD200310,2024-02-24,C85863,Printer,3,132,968 Main St,Online,Shipped,TRK16094218,4,NO COUPON,Referral,397
ORD200311,2025-05-17,C71698,Desk,5,489,274 Main St,Online,Returned,TRK34786818,8,NO COUPON,Instagram,2447
ORD200312,2025-05-24,C35397,Printer,5,66,579 Main St,Gift Card,Pending,TRK64742535,7,FREESHIP,Referral,332
ORD200313,2023-07-09,C67687,Chair,2,434,978 Main St,Cash,Delivered,TRK22838735,7,SAVE10,Instagram,869
ORD200314,2023-10-04,C29931,Desk,4,153,540 Main St,Online,Delivered,TRK48712417,4,FREESHIP,Referral,612
ORD200315,2025-05-12,C59139,Tablet,5,92,301 Main St,Online,Cancelled,TRK45507090,9,FREESHIP,Email,458
ORD200316,2023-10-02,C66078,Desk,4,275,101 Main St,Gift Card,Shipped,TRK86474559,9,WINTER15,Facebook,1101
ORD200317,2023-04-10,C88370,Monitor,2,140,339 Main St,Online,Returned,TRK22575151,5,NO COUPON,Instagram,280
ORD200318,2024-07-27,C93375,Chair,3,149,317 Main St,Debit Card,Cancelled,TRK95706967,7,SAVE10,Google,446
ORD200319,2023-12-02,C53049,Laptop,2,563,413 Main St,Cash,Returned,TRK48974907,6,NO COUPON,Instagram,1126
ORD200320,2024-12-19,C55590,Printer,1,626,772 Main St,Credit Card,Shipped,TRK48792951,1,FREESHIP,Facebook,626
ORD200321,2023-08-09,C47086,Phone,4,152,135 Main St,Debit Card,Cancelled,TRK44194358,6,WINTER15,Google,609
ORD200322,2024-06-14,C48646,Phone,5,232,339 Main St,Debit Card,Delivered,TRK18233748,6,SAVE10,Facebook,1159
ORD200323,2025-01-26,C29416,Laptop,1,150,414 Main St,Debit Card,Returned,TRK63820842,1,SAVE10,Referral,150
ORD200324,2024-06-13,C13525,Tablet,3,71,847 Main St,Debit Card,Returned,TRK70193221,5,NO COUPON,Referral,213
ORD200325,2023-06-29,C53545,Desk,3,361,665 Main St,Credit Card,Shipped,TRK61123177,8,NO COUPON,Referral,1084
ORD200326,2024-07-01,C65986,Laptop,5,670,273 Main St,Gift Card,Returned,TRK98353867,5,SAVE10,Facebook,3352
ORD200327,2023-07-25,C17302,Phone,1,360,385 Main St,Gift Card,Cancelled,TRK43940016,5,SAVE10,Email,360
ORD200328,2023-02-28,C18404,Tablet,5,674,546 Main St,Online,Cancelled,TRK89401624,7,SAVE10,Google,3370
ORD200329,2024-12-25,C88371,Chair,4,283,306 Main St,Credit Card,Shipped,TRK63224811,6,NO COUPON,Google,1133
ORD200330,2024-06-02,C38068,Desk,5,261,532 Main St,Gift Card,Pending,TRK54059198,5,SAVE10,Instagram,1303
ORD200331,2023-04-15,C78724,Printer,3,422,187 Main St,Online,Delivered,TRK25703134,7,SAVE10,Facebook,1266
ORD200332,2024-07-03,C26163,Desk,5,125,607 Main St,Debit Card,Pending,TRK67499316,9,SAVE10,Google,625
ORD200333,2024-04-16,C87124,Phone,1,199,818 Main St,Credit Card,Returned,TRK52086740,5,WINTER15,Instagram,199
ORD200334,2024-03-26,C90348,Chair,4,225,728 Main St,Online,Delivered,TRK20635777,7,WINTER15,Facebook,899
ORD200335,2025-03-03,C58721,Tablet,3,206,978 Main St,Gift Card,Shipped,TRK34801199,4,NO COUPON,Email,618
ORD200336,2023-12-29,C88174,Laptop,1,18,441 Main St,Debit Card,Pending,TRK10143345,4,SAVE10,Instagram,18
ORD200337,2023-05-29,C77763,Tablet,3,503,599 Main St,Debit Card,Returned,TRK66980447,8,WINTER15,Email,1508
ORD200338,2023-11-08,C53627,Phone,5,305,704 Main St,Debit Card,Shipped,TRK64112352,10,NO COUPON,Referral,1527
ORD200339,2024-04-10,C84563,Printer,2,236,398 Main St,Online,Pending,TRK62422797,3,SAVE10,Instagram,473
ORD200340,2023-04-23,C76207,Laptop,5,521,826 Main St,Cash,Cancelled,TRK25569378,8,NO COUPON,Email,2606
ORD200341,2024-09-23,C94671,Tablet,1,167,293 Main St,Gift Card,Shipped,TRK61357272,5,WINTER15,Email,167
ORD200342,2025-06-24,C69994,Monitor,5,466,619 Main St,Gift Card,Returned,TRK95935805,5,NO COUPON,Referral,2332
ORD200343,2023-02-26,C64638,Printer,1,528,919 Main St,Debit Card,Pending,TRK64087938,3,FREESHIP,Facebook,528
ORD200344,2025-03-06,C95623,Tablet,3,623,248 Main St,Online,Cancelled,TRK67558189,3,SAVE10,Instagram,1870
ORD200345,2023-12-07,C24751,Tablet,5,501,259 Main St,Gift Card,Shipped,TRK37285406,10,FREESHIP,Referral,2506
ORD200346,2024-12-06,C31764,Tablet,1,655,876 Main St,Cash,Pending,TRK44680433,6,NO COUPON,Referral,655
ORD200347,2024-02-03,C83556,Printer,4,265,380 Main St,Credit Card,Pending,TRK21109187,5,SAVE10,Google,1059
ORD200348,2024-03-13,C24369,Laptop,3,360,885 Main St,Debit Card,Returned,TRK72633998,7,FREESHIP,Email,1079
ORD200349,2023-11-30,C39648,Chair,1,465,824 Main St,Gift Card,Delivered,TRK56016905,2,FREESHIP,Google,465
ORD200350,2023-06-03,C13296,Chair,2,54,495 Main St,Online,Shipped,TRK60127216,6,NO COUPON,Instagram,109
ORD200351,2025-02-15,C94248,Laptop,1,65,494 Main St,Debit Card,Delivered,TRK89406816,4,NO COUPON,Instagram,65
ORD200352,2023-08-31,C26637,Chair,5,174,995 Main St,Debit Card,Pending,TRK59546992,8,WINTER15,Instagram,870
ORD200353,2025-03-28,C16012,Tablet,1,631,171 Main St,Online,Delivered,TRK15195225,5,FREESHIP,Google,631
ORD200354,2023-07-11,C31772,Phone,1,693,992 Main St,Debit Card,Shipped,TRK11970357,4,NO COUPON,Instagram,693
ORD200355,2025-06-03,C18353,Tablet,3,433,677 Main St,Credit Card,Cancelled,TRK78766533,4,FREESHIP,Referral,1300
ORD200356,2023-05-06,C26966,Printer,5,375,907 Main St,Gift Card,Cancelled,TRK83889574,10,FREESHIP,Instagram,1873
ORD200357,2023-07-08,C74982,Laptop,5,409,398 Main St,Debit Card,Delivered,TRK98700702,8,FREESHIP,Instagram,2043
ORD200358,2024-04-07,C70633,Tablet,2,184,747 Main St,Online,Cancelled,TRK82540521,3,SAVE10,Google,367
ORD200359,2023-06-09,C95643,Desk,4,607,303 Main St,Debit Card,Delivered,TRK23286689,5,WINTER15,Referral,2426
ORD200360,2024-06-06,C53810,Phone,4,590,779 Main St,Cash,Pending,TRK34630612,8,NO COUPON,Instagram,2358
ORD200361,2024-06-29,C53464,Printer,5,660,197 Main St,Credit Card,Delivered,TRK32743531,9,SAVE10,Facebook,3299
ORD200362,2023-06-27,C53697,Monitor,4,207,312 Main St,Cash,Cancelled,TRK60476656,5,WINTER15,Instagram,827
ORD200363,2024-05-24,C31668,Laptop,5,114,871 Main St,Credit Card,Pending,TRK42584392,6,SAVE10,Email,569
ORD200364,2023-11-24,C85282,Phone,5,629,740 Main St,Cash,Cancelled,TRK86767206,9,FREESHIP,Facebook,3144
ORD200365,2025-02-14,C56796,Phone,1,678,607 Main St,Credit Card,Cancelled,TRK74263180,4,SAVE10,Referral,678
ORD200366,2023-02-10,C95213,Printer,3,602,603 Main St,Debit Card,Pending,TRK40630538,8,NO COUPON,Referral,1807
ORD200367,2024-04-25,C13108,Laptop,5,659,712 Main St,Gift Card,Pending,TRK82284400,10,FREESHIP,Instagram,3294
ORD200368,2023-05-01,C85322,Monitor,3,271,403 Main St,Credit Card,Cancelled,TRK89728869,6,NO COUPON,Google,813
ORD200369,2024-12-22,C43545,Monitor,5,375,216 Main St,Gift Card,Pending,TRK73937402,9,SAVE10,Email,1876
ORD200370,2025-05-03,C80649,Phone,1,312,870 Main St,Online,Cancelled,TRK41143313,4,WINTER15,Facebook,312
ORD200371,2023-01-05,C59752,Phone,5,308,179 Main St,Gift Card,Pending,TRK82229639,9,FREESHIP,Google,1539
ORD200372,2025-02-14,C53645,Chair,3,484,166 Main St,Cash,Returned,TRK12123939,4,NO COUPON,Referral,1451
ORD200373,2023-01-02,C60178,Laptop,3,341,969 Main St,Cash,Pending,TRK84505143,4,FREESHIP,Instagram,1023
ORD200374,2024-09-16,C20286,Monitor,1,572,129 Main St,Gift Card,Pending,TRK67648338,1,WINTER15,Instagram,572
ORD200375,2025-01-16,C87547,Monitor,4,95,400 Main St,Online,Shipped,TRK71027262,8,FREESHIP,Facebook,380
ORD200376,2023-08-24,C64549,Monitor,5,201,341 Main St,Debit Card,Pending,TRK20788231,6,FREESHIP,Facebook,1006
ORD200377,2024-07-22,C24884,Monitor,1,260,625 Main St,Online,Pending,TRK44538419,5,WINTER15,Instagram,260
ORD200378,2024-02-01,C62666,Chair,5,65,148 Main St,Credit Card,Pending,TRK91029390,8,WINTER15,Instagram,323
ORD200379,2024-09-21,C47284,Phone,3,298,500 Main St,Online,Shipped,TRK85756094,6,NO COUPON,Google,893
ORD200380,2024-04-20,C35355,Printer,4,332,127 Main St,Cash,Pending,TRK52935059,5,SAVE10,Instagram,1328
ORD200381,2023-06-07,C29467,Chair,1,192,223 Main St,Credit Card,Returned,TRK98103385,1,FREESHIP,Instagram,192
ORD200382,2025-01-30,C26718,Printer,4,263,272 Main St,Debit Card,Shipped,TRK91702525,8,SAVE10,Google,1052
ORD200383,2023-01-20,C18944,Chair,4,394,837 Main St,Credit Card,Pending,TRK45275439,7,SAVE10,Email,1575
ORD200384,2024-11-24,C35628,Chair,3,554,147 Main St,Credit Card,Returned,TRK45688220,4,FREESHIP,Facebook,1661
ORD200385,2023-10-31,C56851,Chair,5,192,752 Main St,Gift Card,Delivered,TRK65290904,6,FREESHIP,Facebook,958
ORD200386,2023-04-28,C12421,Tablet,1,93,373 Main St,Online,Returned,TRK32588504,4,NO COUPON,Email,93
ORD200387,2024-06-27,C25316,Printer,2,40,904 Main St,Credit Card,Shipped,TRK55423551,3,WINTER15,Google,79
ORD200388,2023-12-28,C22657,Printer,3,634,152 Main St,Cash,Pending,TRK49157047,7,WINTER15,Facebook,1902
ORD200389,2023-12-17,C29703,Desk,4,698,558 Main St,Cash,Shipped,TRK40543461,7,FREESHIP,Referral,2790
ORD200390,2023-07-14,C55996,Printer,5,509,885 Main St,Cash,Delivered,TRK30547638,10,FREESHIP,Google,2543
ORD200391,2025-01-16,C60037,Laptop,2,527,516 Main St,Debit Card,Cancelled,TRK82009557,3,FREESHIP,Referral,1055
ORD200392,2024-02-28,C95100,Phone,1,627,197 Main St,Online,Delivered,TRK47366265,1,WINTER15,Email,627
ORD200393,2024-07-14,C39906,Printer,1,75,921 Main St,Credit Card,Returned,TRK24632134,3,NO COUPON,Google,75
ORD200394,2023-07-05,C70148,Desk,5,530,359 Main St,Gift Card,Shipped,TRK34848650,10,NO COUPON,Facebook,2648
ORD200395,2025-04-25,C30010,Phone,3,127,830 Main St,Gift Card,Delivered,TRK35386084,7,SAVE10,Referral,382
ORD200396,2023-12-01,C99217,Tablet,5,287,778 Main St,Online,Shipped,TRK82004594,10,SAVE10,Email,1436
ORD200397,2023-09-28,C30184,Monitor,1,427,987 Main St,Online,Cancelled,TRK86674704,1,WINTER15,Referral,427
ORD200398,2024-09-04,C50275,Phone,5,54,729 Main St,Gift Card,Shipped,TRK98925264,7,SAVE10,Instagram,270
ORD200399,2024-01-07,C64641,Tablet,5,424,319 Main St,Debit Card,Returned,TRK32012588,5,FREESHIP,Facebook,2120
ORD200400,2024-09-28,C56266,Desk,4,160,304 Main St,Debit Card,Returned,TRK60088901,9,WINTER15,Instagram,641
ORD200401,2025-04-09,C98635,Printer,1,539,197 Main St,Debit Card,Returned,TRK14225465,6,NO COUPON,Referral,539
ORD200402,2023-04-09,C83026,Printer,5,337,858 Main St,Gift Card,Shipped,TRK79746259,5,NO COUPON,Referral,1687
ORD200403,2024-11-10,C28893,Tablet,1,620,740 Main St,Online,Returned,TRK98333066,1,FREESHIP,Referral,620
ORD200404,2023-03-09,C45482,Monitor,2,99,440 Main St,Cash,Delivered,TRK54571699,6,NO COUPON,Instagram,198
ORD200405,2025-01-26,C97774,Monitor,4,452,603 Main St,Online,Cancelled,TRK64664424,7,WINTER15,Email,1808
ORD200406,2023-12-10,C11657,Tablet,4,66,572 Main St,Cash,Returned,TRK50284486,9,WINTER15,Google,264
ORD200407,2023-08-13,C85993,Tablet,4,547,250 Main St,Cash,Returned,TRK72547640,8,FREESHIP,Instagram,2189
ORD200408,2025-01-01,C11906,Printer,3,413,536 Main St,Online,Pending,TRK31140158,6,WINTER15,Google,1238
ORD200409,2023-06-28,C45187,Desk,5,84,767 Main St,Online,Delivered,TRK12320793,9,SAVE10,Google,421
ORD200410,2024-01-18,C37375,Tablet,2,518,184 Main St,Debit Card,Shipped,TRK52470162,5,NO COUPON,Email,1036
ORD200411,2024-06-19,C66567,Desk,2,40,981 Main St,Online,Shipped,TRK21174822,5,NO COUPON,Facebook,79
ORD200412,2025-04-11,C42451,Tablet,5,133,246 Main St,Credit Card,Returned,TRK31313343,10,NO COUPON,Facebook,665
ORD200413,2023-10-08,C13923,Tablet,1,119,123 Main St,Online,Delivered,TRK87598790,6,SAVE10,Email,119
ORD200414,2025-05-04,C11829,Desk,2,140,797 Main St,Cash,Delivered,TRK84229257,4,WINTER15,Facebook,279
ORD200415,2025-04-06,C62169,Chair,1,184,655 Main St,Gift Card,Shipped,TRK64558985,5,FREESHIP,Facebook,184
ORD200416,2023-07-18,C20881,Laptop,2,644,652 Main St,Gift Card,Cancelled,TRK26263902,5,WINTER15,Referral,1288
ORD200417,2023-10-24,C44492,Laptop,5,55,954 Main St,Online,Cancelled,TRK51429869,5,NO COUPON,Google,277
ORD200418,2023-01-11,C74169,Printer,1,311,862 Main St,Online,Cancelled,TRK66144809,3,NO COUPON,Facebook,311
ORD200419,2024-04-17,C70999,Tablet,2,217,885 Main St,Debit Card,Pending,TRK75644156,6,FREESHIP,Instagram,433
ORD200420,2024-11-29,C11921,Phone,1,453,439 Main St,Debit Card,Shipped,TRK91362635,5,FREESHIP,Instagram,453
ORD200421,2023-10-15,C50683,Chair,2,288,769 Main St,Debit Card,Cancelled,TRK53032122,5,NO COUPON,Email,576
ORD200422,2023-06-05,C76140,Phone,4,207,914 Main St,Gift Card,Returned,TRK25861469,6,WINTER15,Referral,826
ORD200423,2024-07-20,C94311,Printer,4,685,195 Main St,Gift Card,Cancelled,TRK97308771,6,WINTER15,Google,2741
ORD200424,2023-04-12,C49491,Chair,5,23,339 Main St,Cash,Pending,TRK64012257,10,NO COUPON,Email,115
ORD200425,2023-03-09,C40648,Laptop,2,302,488 Main St,Gift Card,Returned,TRK25325993,5,WINTER15,Email,604
ORD200426,2025-03-16,C40967,Monitor,5,57,315 Main St,Cash,Cancelled,TRK24839296,10,NO COUPON,Facebook,287
ORD200427,2024-12-18,C25406,Desk,1,161,379 Main St,Credit Card,Pending,TRK70952564,3,WINTER15,Instagram,161
ORD200428,2024-11-26,C77085,Chair,4,263,895 Main St,Online,Cancelled,TRK57227640,8,WINTER15,Email,1050
ORD200429,2024-12-19,C38126,Printer,4,515,522 Main St,Credit Card,Pending,TRK90838498,9,SAVE10,Facebook,2061
ORD200430,2023-06-07,C87448,Phone,1,450,433 Main St,Gift Card,Shipped,TRK44134016,6,FREESHIP,Google,450
ORD200431,2024-10-06,C62312,Printer,1,53,651 Main St,Debit Card,Cancelled,TRK59623037,6,WINTER15,Facebook,53
ORD200432,2023-09-04,C58443,Tablet,2,424,662 Main St,Credit Card,Returned,TRK77163738,6,NO COUPON,Referral,849
ORD200433,2023-08-26,C36613,Monitor,3,632,785 Main St,Credit Card,Returned,TRK13282106,3,FREESHIP,Facebook,1895
ORD200434,2023-10-22,C73893,Printer,5,328,384 Main St,Credit Card,Returned,TRK85939879,6,NO COUPON,Facebook,1638
ORD200435,2023-05-27,C48601,Printer,1,414,101 Main St,Debit Card,Returned,TRK97868309,3,FREESHIP,Instagram,414
ORD200436,2023-02-11,C14568,Laptop,4,221,651 Main St,Online,Pending,TRK73545796,5,NO COUPON,Google,885
ORD200437,2024-04-18,C63378,Phone,1,512,955 Main St,Online,Delivered,TRK20863705,2,FREESHIP,Instagram,512
ORD200438,2025-01-03,C77800,Tablet,3,459,436 Main St,Gift Card,Pending,TRK27439574,3,SAVE10,Instagram,1378
ORD200439,2024-09-08,C91155,Tablet,1,146,321 Main St,Online,Shipped,TRK36260319,4,WINTER15,Facebook,146
ORD200440,2024-11-05,C60215,Desk,4,84,978 Main St,Debit Card,Pending,TRK31727767,4,SAVE10,Facebook,334
ORD200441,2023-12-13,C52915,Printer,2,329,475 Main St,Gift Card,Returned,TRK79466982,6,FREESHIP,Email,657
ORD200442,2024-05-06,C72588,Chair,5,315,661 Main St,Cash,Pending,TRK43410829,8,SAVE10,Instagram,1575
ORD200443,2024-05-14,C61668,Chair,2,70,813 Main St,Cash,Returned,TRK58970302,6,NO COUPON,Facebook,139
ORD200444,2024-06-08,C79508,Printer,1,135,585 Main St,Online,Shipped,TRK61882353,6,FREESHIP,Instagram,135
ORD200445,2024-03-23,C94569,Phone,1,487,227 Main St,Cash,Delivered,TRK31351770,3,SAVE10,Referral,487
ORD200446,2023-10-18,C89592,Laptop,5,510,262 Main St,Online,Delivered,TRK49442402,6,FREESHIP,Instagram,2548
ORD200447,2024-04-07,C48207,Printer,2,417,356 Main St,Cash,Returned,TRK45355655,2,NO COUPON,Facebook,834
ORD200448,2023-09-04,C16776,Laptop,2,160,854 Main St,Cash,Pending,TRK12860600,4,SAVE10,Instagram,320
ORD200449,2024-08-26,C91518,Tablet,3,253,286 Main St,Online,Pending,TRK48688724,3,NO COUPON,Instagram,759
ORD200450,2024-01-15,C36408,Monitor,5,615,160 Main St,Gift Card,Returned,TRK94023253,10,WINTER15,Instagram,3076
ORD200451,2023-04-01,C14837,Monitor,1,183,647 Main St,Debit Card,Cancelled,TRK17501136,6,SAVE10,Email,183
ORD200452,2023-07-23,C36467,Printer,1,76,581 Main St,Cash,Pending,TRK20863987,5,SAVE10,Google,76
ORD200453,2025-05-02,C15017,Tablet,1,676,492 Main St,Cash,Shipped,TRK51241924,1,WINTER15,Facebook,676
ORD200454,2024-11-27,C54759,Laptop,1,109,686 Main St,Debit Card,Cancelled,TRK75583042,5,FREESHIP,Google,109
ORD200455,2024-03-26,C58341,Phone,1,640,874 Main St,Debit Card,Pending,TRK32856728,2,SAVE10,Referral,640
ORD200456,2023-06-26,C94479,Desk,5,63,259 Main St,Credit Card,Shipped,TRK69089975,9,SAVE10,Facebook,314
ORD200457,2025-05-25,C50236,Desk,4,616,545 Main St,Online,Returned,TRK67692578,4,WINTER15,Instagram,2463
ORD200458,2024-07-02,C31412,Monitor,4,511,196 Main St,Credit Card,Returned,TRK61946127,7,WINTER15,Email,2042
ORD200459,2024-07-24,C90142,Desk,1,334,433 Main St,Credit Card,Returned,TRK39717191,2,NO COUPON,Instagram,334
ORD200460,2024-10-06,C83548,Laptop,1,144,474 Main St,Cash,Returned,TRK93822942,2,WINTER15,Referral,144
ORD200461,2024-06-08,C29697,Tablet,1,402,407 Main St,Credit Card,Shipped,TRK47776482,5,FREESHIP,Google,402
ORD200462,2025-03-31,C22991,Phone,1,253,731 Main St,Online,Cancelled,TRK32796086,1,NO COUPON,Referral,253
ORD200463,2023-05-26,C25276,Laptop,5,663,214 Main St,Debit Card,Shipped,TRK14011732,9,SAVE10,Instagram,3314
ORD200464,2023-03-14,C39176,Tablet,4,434,739 Main St,Online,Cancelled,TRK71418686,6,FREESHIP,Google,1738
ORD200465,2024-02-26,C58773,Printer,5,513,391 Main St,Gift Card,Cancelled,TRK65438300,8,NO COUPON,Google,2567
ORD200466,2023-07-18,C37412,Phone,1,432,895 Main St,Cash,Delivered,TRK97829604,4,FREESHIP,Referral,432
ORD200467,2024-08-30,C36492,Desk,1,46,572 Main St,Cash,Cancelled,TRK44350440,2,WINTER15,Email,46
ORD200468,2025-06-21,C90110,Phone,1,418,998 Main St,Credit Card,Delivered,TRK60203957,5,FREESHIP,Email,418
ORD200469,2023-11-26,C13877,Chair,5,677,893 Main St,Cash,Cancelled,TRK17254691,5,NO COUPON,Facebook,3385
ORD200470,2023-09-29,C25149,Tablet,4,264,672 Main St,Cash,Shipped,TRK33538608,5,SAVE10,Email,1054
ORD200471,2025-04-19,C52717,Desk,5,551,395 Main St,Online,Cancelled,TRK27625571,7,FREESHIP,Referral,2756
ORD200472,2023-01-06,C60029,Chair,3,508,796 Main St,Credit Card,Cancelled,TRK86461316,8,FREESHIP,Referral,1524
ORD200473,2025-02-25,C28552,Chair,2,15,449 Main St,Online,Shipped,TRK71597160,4,NO COUPON,Facebook,30
ORD200474,2023-11-15,C72293,Printer,3,229,398 Main St,Credit Card,Shipped,TRK84378003,6,SAVE10,Referral,688
ORD200475,2025-04-19,C29844,Tablet,2,439,363 Main St,Cash,Cancelled,TRK91642337,3,SAVE10,Facebook,877
ORD200476,2024-01-15,C77872,Phone,2,514,867 Main St,Online,Returned,TRK19292184,4,FREESHIP,Referral,1027
ORD200477,2025-03-05,C56564,Phone,2,254,481 Main St,Online,Shipped,TRK13166044,5,SAVE10,Google,507
ORD200478,2024-11-01,C16758,Tablet,3,63,914 Main St,Gift Card,Shipped,TRK88544431,6,FREESHIP,Referral,188
ORD200479,2023-02-18,C87011,Monitor,4,25,943 Main St,Credit Card,Pending,TRK21429162,8,NO COUPON,Google,101
ORD200480,2023-06-16,C21147,Chair,1,335,126 Main St,Debit Card,Pending,TRK93171043,6,FREESHIP,Referral,335
ORD200481,2023-04-23,C94568,Laptop,4,485,317 Main St,Debit Card,Delivered,TRK58653915,5,WINTER15,Referral,1939
ORD200482,2025-03-02,C35852,Monitor,3,381,989 Main St,Online,Pending,TRK22302049,6,NO COUPON,Instagram,1144
ORD200483,2023-01-18,C66462,Phone,5,348,982 Main St,Cash,Pending,TRK52743700,6,WINTER15,Google,1740
ORD200484,2024-05-29,C29092,Chair,4,15,767 Main St,Cash,Cancelled,TRK90455340,6,NO COUPON,Facebook,60
ORD200485,2023-08-01,C46651,Chair,3,405,764 Main St,Cash,Shipped,TRK67679195,6,SAVE10,Instagram,1214
ORD200486,2023-02-03,C88981,Printer,4,611,558 Main St,Cash,Shipped,TRK75267873,5,SAVE10,Referral,2445
ORD200487,2023-03-09,C40136,Printer,3,347,211 Main St,Credit Card,Pending,TRK92924852,3,SAVE10,Google,1040
ORD200488,2024-12-05,C81573,Chair,1,37,556 Main St,Online,Cancelled,TRK96522994,1,WINTER15,Email,37
ORD200489,2023-09-05,C11940,Tablet,3,149,589 Main St,Gift Card,Cancelled,TRK85466461,7,WINTER15,Email,448
ORD200490,2024-07-22,C50097,Chair,5,468,539 Main St,Online,Cancelled,TRK62785150,10,NO COUPON,Facebook,2339
ORD200491,2023-01-05,C98168,Phone,5,421,481 Main St,Cash,Pending,TRK56423359,5,WINTER15,Facebook,2104
ORD200492,2023-10-25,C39074,Laptop,5,607,103 Main St,Debit Card,Shipped,TRK13027036,6,SAVE10,Instagram,3033
ORD200493,2025-01-28,C84908,Phone,1,420,372 Main St,Credit Card,Pending,TRK64135970,4,FREESHIP,Facebook,420
ORD200494,2023-07-19,C64516,Laptop,3,506,459 Main St,Debit Card,Pending,TRK63920573,3,FREESHIP,Referral,1517
ORD200495,2025-06-05,C63827,Phone,4,494,947 Main St,Debit Card,Pending,TRK35730581,6,SAVE10,Facebook,1975
ORD200496,2025-03-14,C93618,Printer,3,201,249 Main St,Online,Cancelled,TRK66129326,3,SAVE10,Google,604
ORD200497,2024-10-24,C93948,Printer,3,112,454 Main St,Gift Card,Shipped,TRK77358113,6,NO COUPON,Google,337
ORD200498,2023-07-12,C73961,Tablet,4,133,306 Main St,Cash,Returned,TRK32607173,8,WINTER15,Instagram,530
ORD200499,2023-04-06,C18138,Printer,3,539,520 Main St,Credit Card,Shipped,TRK20289483,4,SAVE10,Facebook,1618
ORD200500,2024-04-07,C79475,Laptop,5,509,169 Main St,Cash,Returned,TRK42168516,8,WINTER15,Facebook,2543
ORD200501,2024-02-04,C88546,Desk,4,203,226 Main St,Credit Card,Pending,TRK19867754,7,SAVE10,Referral,814
ORD200502,2023-05-20,C69332,Monitor,3,565,745 Main St,Debit Card,Returned,TRK65718848,7,SAVE10,Email,1696
ORD200503,2023-08-31,C64554,Tablet,3,137,498 Main St,Online,Pending,TRK95384568,4,FREESHIP,Facebook,411
ORD200504,2025-06-11,C11676,Monitor,2,465,805 Main St,Online,Cancelled,TRK35726395,2,WINTER15,Instagram,929
ORD200505,2023-06-11,C36014,Printer,2,435,558 Main St,Online,Shipped,TRK97246526,7,NO COUPON,Email,870
ORD200506,2023-07-25,C23279,Monitor,2,44,696 Main St,Cash,Returned,TRK58039693,4,WINTER15,Instagram,87
ORD200507,2023-07-05,C86481,Phone,1,172,546 Main St,Credit Card,Pending,TRK87513944,5,WINTER15,Email,172
ORD200508,2025-05-14,C39550,Phone,1,558,976 Main St,Online,Delivered,TRK24120267,1,NO COUPON,Referral,558
ORD200509,2023-02-15,C68937,Laptop,2,425,560 Main St,Cash,Returned,TRK31908657,2,WINTER15,Google,850
ORD200510,2024-12-16,C72533,Printer,1,377,389 Main St,Debit Card,Delivered,TRK51288986,5,SAVE10,Email,377
ORD200511,2024-03-15,C11415,Monitor,5,575,267 Main St,Cash,Delivered,TRK65061457,7,WINTER15,Email,2876
ORD200512,2024-09-27,C14114,Desk,3,568,856 Main St,Online,Pending,TRK63290700,3,FREESHIP,Instagram,1704
ORD200513,2025-02-09,C64128,Tablet,3,95,533 Main St,Gift Card,Shipped,TRK37053575,8,NO COUPON,Referral,285
ORD200514,2023-04-16,C15629,Printer,3,304,492 Main St,Gift Card,Shipped,TRK64926044,3,WINTER15,Instagram,912
ORD200515,2023-03-14,C67561,Phone,3,554,160 Main St,Gift Card,Shipped,TRK75900717,4,FREESHIP,Facebook,1661
ORD200516,2024-04-07,C47022,Monitor,3,167,208 Main St,Cash,Returned,TRK28855040,8,NO COUPON,Facebook,501
ORD200517,2024-04-09,C55205,Tablet,4,198,943 Main St,Cash,Cancelled,TRK88141634,7,FREESHIP,Google,793
ORD200518,2025-06-13,C30686,Printer,4,404,319 Main St,Online,Pending,TRK59807273,9,SAVE10,Referral,1614
ORD200519,2025-05-10,C71797,Laptop,4,464,941 Main St,Debit Card,Returned,TRK66010667,5,SAVE10,Email,1857
ORD200520,2023-03-10,C66332,Monitor,3,636,959 Main St,Cash,Returned,TRK27063398,5,NO COUPON,Referral,1908
ORD200521,2024-02-25,C82318,Phone,1,528,991 Main St,Credit Card,Shipped,TRK37534165,2,NO COUPON,Facebook,528
ORD200522,2024-04-20,C66254,Chair,1,515,740 Main St,Gift Card,Cancelled,TRK82843861,1,FREESHIP,Email,515
ORD200523,2025-02-18,C65083,Desk,4,658,652 Main St,Credit Card,Returned,TRK60937148,6,WINTER15,Google,2631
ORD200524,2023-10-25,C44778,Phone,1,153,103 Main St,Credit Card,Returned,TRK92617366,4,NO COUPON,Referral,153
ORD200525,2023-12-03,C54499,Monitor,1,668,160 Main St,Debit Card,Shipped,TRK18061555,1,SAVE10,Email,668
ORD200526,2024-02-29,C91201,Desk,2,47,837 Main St,Cash,Returned,TRK63526023,7,WINTER15,Google,93
ORD200527,2024-08-19,C27202,Chair,5,653,967 Main St,Credit Card,Cancelled,TRK75406128,10,SAVE10,Referral,3267
ORD200528,2025-02-26,C32011,Chair,1,629,686 Main St,Credit Card,Returned,TRK70997744,2,SAVE10,Referral,629
ORD200529,2024-04-07,C21181,Tablet,2,675,938 Main St,Cash,Pending,TRK50363421,4,FREESHIP,Google,1350
ORD200530,2024-07-18,C98450,Chair,4,89,613 Main St,Online,Pending,TRK14809530,9,NO COUPON,Google,358
ORD200531,2024-07-02,C64502,Desk,5,320,722 Main St,Gift Card,Delivered,TRK14914388,6,NO COUPON,Referral,1600
ORD200532,2025-05-03,C47365,Laptop,2,41,369 Main St,Online,Delivered,TRK42207882,7,NO COUPON,Email,82
ORD200533,2023-03-05,C66349,Desk,1,566,715 Main St,Gift Card,Returned,TRK63550793,1,FREESHIP,Facebook,566
ORD200534,2024-06-06,C73289,Chair,3,649,906 Main St,Debit Card,Cancelled,TRK70872738,4,SAVE10,Email,1946
ORD200535,2024-07-24,C48649,Monitor,3,68,332 Main St,Online,Cancelled,TRK45821445,3,FREESHIP,Email,204
ORD200536,2024-06-09,C18724,Chair,1,616,124 Main St,Cash,Returned,TRK52508861,6,NO COUPON,Email,616
ORD200537,2025-03-23,C68553,Tablet,3,247,385 Main St,Online,Delivered,TRK58218971,4,SAVE10,Facebook,742
ORD200538,2024-05-24,C61280,Phone,3,491,100 Main St,Cash,Shipped,TRK95487711,3,WINTER15,Email,1472
ORD200539,2025-02-18,C53277,Desk,3,532,473 Main St,Gift Card,Delivered,TRK17653832,7,SAVE10,Google,1595
ORD200540,2024-01-29,C87281,Laptop,5,649,852 Main St,Online,Pending,TRK81765057,7,NO COUPON,Referral,3243
ORD200541,2023-08-07,C69009,Printer,5,456,879 Main St,Cash,Pending,TRK61295842,10,NO COUPON,Instagram,2280
ORD200542,2023-11-14,C49726,Tablet,1,18,934 Main St,Cash,Cancelled,TRK20739460,6,FREESHIP,Email,18
ORD200543,2024-03-09,C37531,Desk,5,270,354 Main St,Cash,Shipped,TRK93877673,6,WINTER15,Facebook,1349
ORD200544,2024-03-10,C48713,Printer,5,32,373 Main St,Credit Card,Returned,TRK96334419,5,FREESHIP,Referral,160
ORD200545,2023-12-19,C74138,Monitor,2,98,964 Main St,Cash,Returned,TRK74091695,3,NO COUPON,Instagram,197
ORD200546,2024-03-01,C82399,Monitor,1,159,928 Main St,Credit Card,Returned,TRK77177284,6,WINTER15,Instagram,159
ORD200547,2023-08-20,C40427,Phone,1,614,411 Main St,Online,Delivered,TRK25392280,4,FREESHIP,Facebook,614
ORD200548,2024-01-05,C17103,Printer,3,426,922 Main St,Online,Delivered,TRK64398650,5,WINTER15,Instagram,1278
ORD200549,2025-02-25,C34266,Monitor,4,630,550 Main St,Debit Card,Cancelled,TRK56378197,8,WINTER15,Instagram,2520
ORD200550,2023-10-29,C97485,Laptop,4,229,573 Main St,Cash,Shipped,TRK81794737,4,FREESHIP,Google,916
ORD200551,2023-05-18,C23947,Laptop,1,121,353 Main St,Debit Card,Delivered,TRK74812710,6,WINTER15,Email,121
ORD200552,2023-09-30,C21665,Chair,4,425,560 Main St,Online,Returned,TRK29890761,8,WINTER15,Facebook,1701
ORD200553,2023-08-23,C82550,Phone,2,334,828 Main St,Gift Card,Cancelled,TRK74103758,4,FREESHIP,Referral,668
ORD200554,2025-05-30,C61943,Laptop,2,493,610 Main St,Cash,Returned,TRK66126496,5,FREESHIP,Instagram,986
ORD200555,2023-01-07,C88933,Tablet,1,92,333 Main St,Cash,Shipped,TRK89306964,2,NO COUPON,Facebook,92
ORD200556,2023-01-28,C30923,Laptop,1,654,932 Main St,Gift Card,Pending,TRK82609328,2,SAVE10,Facebook,654
ORD200557,2023-06-29,C56969,Tablet,1,56,130 Main St,Debit Card,Pending,TRK40719215,1,WINTER15,Facebook,56
ORD200558,2024-07-16,C76766,Phone,4,628,485 Main St,Online,Delivered,TRK32052962,6,WINTER15,Instagram,2512
ORD200559,2024-04-15,C22981,Desk,3,157,454 Main St,Debit Card,Cancelled,TRK10115285,7,WINTER15,Email,472
ORD200560,2023-01-31,C33634,Monitor,4,589,524 Main St,Gift Card,Pending,TRK93168008,7,NO COUPON,Email,2355
ORD200561,2023-01-31,C96822,Printer,2,495,198 Main St,Online,Shipped,TRK89180077,2,NO COUPON,Google,990
ORD200562,2023-10-06,C76675,Laptop,3,664,922 Main St,Gift Card,Returned,TRK28043915,6,FREESHIP,Email,1992
ORD200563,2023-12-12,C12039,Laptop,1,133,844 Main St,Debit Card,Returned,TRK68645763,1,SAVE10,Referral,133
ORD200564,2025-04-08,C93309,Desk,5,364,734 Main St,Credit Card,Cancelled,TRK99446987,5,WINTER15,Google,1821
ORD200565,2023-05-14,C62042,Tablet,5,308,214 Main St,Online,Pending,TRK42605492,10,NO COUPON,Facebook,1540
ORD200566,2024-04-18,C83223,Phone,4,163,167 Main St,Cash,Cancelled,TRK54339083,7,FREESHIP,Email,651
ORD200567,2024-09-30,C92575,Chair,5,493,153 Main St,Cash,Shipped,TRK53579227,10,FREESHIP,Email,2465
ORD200568,2023-03-10,C29072,Laptop,2,344,312 Main St,Online,Delivered,TRK72334047,4,NO COUPON,Google,688
ORD200569,2025-03-22,C25783,Desk,5,251,672 Main St,Cash,Shipped,TRK13289741,8,SAVE10,Instagram,1253
ORD200570,2024-12-27,C63727,Desk,2,362,122 Main St,Debit Card,Pending,TRK13611021,2,SAVE10,Instagram,724
ORD200571,2024-11-23,C42365,Tablet,1,214,867 Main St,Gift Card,Returned,TRK39563288,2,WINTER15,Google,214
ORD200572,2023-11-11,C27438,Printer,1,70,341 Main St,Cash,Returned,TRK69125497,4,WINTER15,Facebook,70
ORD200573,2023-01-25,C13205,Chair,5,421,522 Main St,Debit Card,Cancelled,TRK30686578,7,NO COUPON,Instagram,2107
ORD200574,2024-01-24,C29685,Chair,5,385,275 Main St,Credit Card,Pending,TRK97733212,6,FREESHIP,Email,1923
ORD200575,2023-06-07,C74005,Chair,5,448,528 Main St,Gift Card,Returned,TRK61640534,7,SAVE10,Google,2241
ORD200576,2024-05-29,C14457,Laptop,5,79,747 Main St,Cash,Pending,TRK42517811,8,NO COUPON,Facebook,395
ORD200577,2023-01-22,C77046,Tablet,4,185,967 Main St,Online,Returned,TRK44401497,9,WINTER15,Google,742
ORD200578,2024-10-10,C50415,Monitor,5,566,587 Main St,Credit Card,Delivered,TRK41345634,6,SAVE10,Instagram,2830
ORD200579,2023-06-04,C73999,Tablet,2,188,413 Main St,Online,Shipped,TRK67919507,4,WINTER15,Facebook,376
ORD200580,2023-11-14,C71076,Monitor,2,256,340 Main St,Credit Card,Delivered,TRK65148292,4,SAVE10,Instagram,512
ORD200581,2024-11-11,C44674,Laptop,1,627,942 Main St,Online,Delivered,TRK87158684,1,NO COUPON,Referral,627
ORD200582,2024-02-19,C15228,Tablet,3,474,558 Main St,Gift Card,Shipped,TRK33860620,8,WINTER15,Google,1422
ORD200583,2025-06-15,C27072,Chair,3,154,996 Main St,Gift Card,Delivered,TRK29750379,4,NO COUPON,Instagram,463
ORD200584,2025-03-21,C15257,Chair,4,145,626 Main St,Online,Delivered,TRK28779938,6,SAVE10,Google,580
ORD200585,2023-08-20,C91486,Tablet,4,67,907 Main St,Cash,Returned,TRK79617136,8,WINTER15,Google,268
ORD200586,2024-11-10,C17389,Monitor,1,522,905 Main St,Gift Card,Returned,TRK98857880,5,FREESHIP,Referral,522
ORD200587,2023-06-12,C18820,Monitor,5,515,347 Main St,Gift Card,Delivered,TRK91547425,10,FREESHIP,Instagram,2573
ORD200588,2024-12-10,C61849,Monitor,4,578,811 Main St,Credit Card,Delivered,TRK47613918,9,NO COUPON,Google,2311
ORD200589,2025-02-10,C84041,Laptop,2,501,900 Main St,Cash,Delivered,TRK84920444,3,FREESHIP,Referral,1002
ORD200590,2023-09-10,C55757,Printer,2,461,175 Main St,Gift Card,Returned,TRK27356242,4,NO COUPON,Email,922
ORD200591,2024-11-18,C18187,Laptop,1,605,470 Main St,Gift Card,Shipped,TRK50528185,3,FREESHIP,Referral,605
ORD200592,2024-04-23,C42306,Phone,3,204,938 Main St,Online,Returned,TRK15499648,4,NO COUPON,Google,613
ORD200593,2023-08-02,C51024,Monitor,1,490,636 Main St,Gift Card,Shipped,TRK31375086,4,FREESHIP,Facebook,490
ORD200594,2024-02-21,C40140,Phone,5,73,598 Main St,Credit Card,Cancelled,TRK12671989,7,NO COUPON,Email,363
ORD200595,2025-01-10,C72596,Printer,2,385,491 Main St,Online,Pending,TRK83870446,7,SAVE10,Email,770
ORD200596,2023-06-12,C91805,Desk,3,606,653 Main St,Debit Card,Returned,TRK34504030,7,FREESHIP,Facebook,1819
ORD200597,2024-11-25,C40538,Desk,2,212,700 Main St,Gift Card,Cancelled,TRK29821356,4,WINTER15,Email,424
ORD200598,2024-04-26,C60329,Desk,5,495,826 Main St,Credit Card,Pending,TRK59069987,5,NO COUPON,Facebook,2477
ORD200599,2023-06-30,C28740,Chair,3,557,123 Main St,Online,Cancelled,TRK33642221,4,FREESHIP,Facebook,1671
ORD200600,2023-05-26,C87051,Printer,1,72,460 Main St,Gift Card,Cancelled,TRK82056333,1,FREESHIP,Facebook,72
ORD200601,2023-10-02,C12479,Monitor,5,25,529 Main St,Credit Card,Shipped,TRK73935314,10,NO COUPON,Referral,124
ORD200602,2024-03-05,C35852,Tablet,4,26,982 Main St,Online,Pending,TRK64660134,5,SAVE10,Instagram,104
ORD200603,2024-10-04,C26223,Tablet,1,657,800 Main St,Cash,Pending,TRK50900547,4,SAVE10,Google,657
ORD200604,2025-06-22,C99214,Chair,3,33,252 Main St,Debit Card,Delivered,TRK81368481,6,NO COUPON,Facebook,98
ORD200605,2024-05-10,C49605,Monitor,2,229,892 Main St,Debit Card,Shipped,TRK95620066,4,SAVE10,Referral,458
ORD200606,2024-11-06,C85018,Laptop,3,275,783 Main St,Cash,Cancelled,TRK54128886,3,SAVE10,Google,824
ORD200607,2025-05-31,C96434,Printer,4,634,282 Main St,Cash,Shipped,TRK56730647,6,SAVE10,Google,2536
ORD200608,2024-07-24,C32956,Laptop,5,543,788 Main St,Online,Cancelled,TRK73140103,6,SAVE10,Instagram,2716
ORD200609,2025-01-27,C41137,Chair,3,449,809 Main St,Cash,Returned,TRK52732162,5,WINTER15,Referral,1347
ORD200610,2024-06-16,C60361,Desk,5,390,623 Main St,Cash,Returned,TRK83566924,7,FREESHIP,Facebook,1948
ORD200611,2023-04-21,C36688,Desk,1,305,700 Main St,Gift Card,Returned,TRK35720426,3,WINTER15,Referral,305
ORD200612,2023-06-02,C51811,Chair,3,445,339 Main St,Gift Card,Cancelled,TRK82377939,8,NO COUPON,Google,1335
ORD200613,2024-12-19,C62405,Laptop,2,230,154 Main St,Online,Returned,TRK14721763,4,WINTER15,Email,461
ORD200614,2024-03-08,C77363,Phone,1,97,807 Main St,Gift Card,Cancelled,TRK12439827,3,NO COUPON,Referral,97
ORD200615,2025-03-07,C97218,Monitor,5,460,252 Main St,Credit Card,Returned,TRK52632065,10,WINTER15,Facebook,2301
ORD200616,2024-10-17,C43919,Tablet,3,602,984 Main St,Credit Card,Cancelled,TRK73113192,7,SAVE10,Facebook,1805
ORD200617,2024-02-08,C57093,Tablet,3,184,834 Main St,Online,Cancelled,TRK75469057,4,NO COUPON,Referral,553
ORD200618,2024-09-03,C50565,Tablet,1,411,399 Main St,Debit Card,Returned,TRK97981418,5,NO COUPON,Instagram,411
ORD200619,2024-07-16,C38845,Laptop,1,533,764 Main St,Gift Card,Pending,TRK47637374,2,NO COUPON,Referral,533
ORD200620,2024-03-27,C84834,Tablet,3,136,866 Main St,Debit Card,Returned,TRK90136001,8,SAVE10,Referral,409
ORD200621,2023-10-22,C37455,Phone,5,476,146 Main St,Credit Card,Delivered,TRK82685594,7,WINTER15,Google,2380
ORD200622,2024-11-02,C27078,Desk,5,236,128 Main St,Credit Card,Returned,TRK89314307,7,NO COUPON,Facebook,1182
ORD200623,2023-06-16,C91941,Printer,3,396,269 Main St,Gift Card,Cancelled,TRK21330732,4,FREESHIP,Instagram,1188
ORD200624,2024-01-16,C25967,Tablet,5,342,747 Main St,Debit Card,Delivered,TRK88559278,6,NO COUPON,Email,1710
ORD200625,2023-09-24,C22123,Tablet,1,673,519 Main St,Credit Card,Pending,TRK43250279,1,WINTER15,Email,673
ORD200626,2024-03-01,C45671,Tablet,2,657,769 Main St,Online,Shipped,TRK18179773,5,SAVE10,Referral,1315
ORD200627,2023-08-06,C53334,Chair,3,499,879 Main St,Online,Returned,TRK31724421,4,FREESHIP,Email,1496
ORD200628,2023-03-26,C18717,Printer,5,559,861 Main St,Cash,Pending,TRK58568806,8,FREESHIP,Referral,2793
ORD200629,2023-07-07,C50137,Phone,3,20,840 Main St,Online,Pending,TRK91836131,3,NO COUPON,Referral,59
ORD200630,2023-06-23,C51481,Monitor,5,249,140 Main St,Debit Card,Cancelled,TRK33437701,10,NO COUPON,Instagram,1244
ORD200631,2024-08-31,C99128,Chair,3,46,360 Main St,Gift Card,Returned,TRK32426808,5,WINTER15,Referral,138
ORD200632,2023-05-02,C67260,Laptop,5,678,463 Main St,Gift Card,Delivered,TRK38229104,7,WINTER15,Facebook,3391
ORD200633,2024-04-10,C79533,Laptop,5,602,921 Main St,Gift Card,Cancelled,TRK54711422,5,WINTER15,Instagram,3009
ORD200634,2024-04-25,C66906,Printer,2,259,117 Main St,Gift Card,Delivered,TRK31633755,2,WINTER15,Referral,519
ORD200635,2023-12-13,C12818,Chair,3,64,434 Main St,Cash,Returned,TRK40879983,6,NO COUPON,Facebook,191
ORD200636,2023-10-05,C60384,Laptop,4,371,336 Main St,Cash,Cancelled,TRK92080037,7,WINTER15,Facebook,1484
ORD200637,2024-09-29,C92294,Chair,4,306,784 Main St,Gift Card,Shipped,TRK23585765,7,WINTER15,Referral,1225
ORD200638,2023-10-15,C66840,Tablet,4,578,547 Main St,Online,Delivered,TRK76929637,9,WINTER15,Email,2313
ORD200639,2023-01-20,C22534,Chair,1,529,391 Main St,Cash,Cancelled,TRK17415798,5,NO COUPON,Referral,529
ORD200640,2024-02-27,C46509,Chair,2,587,647 Main St,Gift Card,Returned,TRK24241664,6,SAVE10,Referral,1175
ORD200641,2024-06-30,C71680,Printer,4,568,814 Main St,Debit Card,Pending,TRK47386650,9,WINTER15,Google,2270
ORD200642,2024-04-29,C15063,Chair,5,85,527 Main St,Credit Card,Cancelled,TRK10329390,7,FREESHIP,Email,426
ORD200643,2024-08-26,C77122,Laptop,1,438,647 Main St,Cash,Cancelled,TRK75814880,4,SAVE10,Referral,438
ORD200644,2023-11-15,C86524,Chair,2,366,961 Main St,Cash,Shipped,TRK62490506,2,WINTER15,Email,732
ORD200645,2023-01-02,C82990,Laptop,2,150,727 Main St,Credit Card,Cancelled,TRK68574801,4,SAVE10,Facebook,300
ORD200646,2023-10-27,C98761,Chair,4,499,804 Main St,Debit Card,Shipped,TRK43262630,4,SAVE10,Google,1994
ORD200647,2025-04-24,C54409,Desk,3,339,667 Main St,Cash,Returned,TRK67671316,7,FREESHIP,Google,1018
ORD200648,2025-01-18,C89674,Monitor,2,576,182 Main St,Online,Delivered,TRK45902512,3,WINTER15,Referral,1152
ORD200649,2023-12-23,C45899,Monitor,2,643,153 Main St,Debit Card,Returned,TRK32932093,7,FREESHIP,Email,1286
ORD200650,2023-05-18,C74499,Desk,2,372,518 Main St,Gift Card,Delivered,TRK93767278,7,SAVE10,Email,744
ORD200651,2024-11-12,C81192,Chair,3,646,429 Main St,Debit Card,Pending,TRK76931118,5,NO COUPON,Google,1939
ORD200652,2024-06-05,C71473,Chair,5,342,328 Main St,Online,Shipped,TRK94857335,8,FREESHIP,Instagram,1709
ORD200653,2024-02-25,C59338,Printer,3,690,747 Main St,Credit Card,Shipped,TRK12902764,6,WINTER15,Google,2071
ORD200654,2023-06-12,C62661,Tablet,3,382,863 Main St,Debit Card,Returned,TRK25748100,8,NO COUPON,Instagram,1147
ORD200655,2023-03-14,C22101,Chair,2,133,262 Main St,Debit Card,Cancelled,TRK70711522,4,WINTER15,Email,265
ORD200656,2024-01-18,C51404,Monitor,2,189,835 Main St,Gift Card,Shipped,TRK85682500,7,SAVE10,Facebook,378
ORD200657,2023-12-24,C19384,Tablet,4,88,532 Main St,Cash,Cancelled,TRK33207064,6,FREESHIP,Instagram,351
ORD200658,2025-04-18,C86864,Printer,2,46,670 Main St,Gift Card,Returned,TRK15323191,4,SAVE10,Google,93
ORD200659,2024-10-26,C24301,Phone,2,642,964 Main St,Gift Card,Delivered,TRK55000075,4,WINTER15,Email,1284
ORD200660,2024-10-19,C43842,Chair,2,652,933 Main St,Debit Card,Shipped,TRK54084424,7,WINTER15,Facebook,1303
ORD200661,2025-02-28,C63657,Tablet,3,425,116 Main St,Debit Card,Cancelled,TRK86378984,6,FREESHIP,Google,1275
ORD200662,2023-01-28,C98332,Laptop,3,439,985 Main St,Cash,Returned,TRK85744797,3,NO COUPON,Facebook,1317
ORD200663,2024-04-15,C59774,Monitor,1,73,941 Main St,Debit Card,Cancelled,TRK87635135,6,FREESHIP,Instagram,73
ORD200664,2024-12-19,C14847,Laptop,4,195,188 Main St,Cash,Shipped,TRK46492755,5,NO COUPON,Facebook,779
ORD200665,2023-05-02,C83653,Tablet,4,231,253 Main St,Online,Shipped,TRK32619935,6,WINTER15,Google,925
ORD200666,2024-08-31,C35711,Monitor,4,327,788 Main St,Credit Card,Cancelled,TRK45281495,4,NO COUPON,Email,1308
ORD200667,2023-05-03,C10477,Laptop,1,466,172 Main St,Gift Card,Pending,TRK41505339,5,SAVE10,Email,466
ORD200668,2024-07-05,C61257,Monitor,2,254,981 Main St,Cash,Returned,TRK25226070,3,WINTER15,Facebook,507
ORD200669,2023-02-05,C60547,Desk,1,257,812 Main St,Debit Card,Cancelled,TRK65694249,5,NO COUPON,Referral,257
ORD200670,2024-04-18,C14576,Desk,4,539,747 Main St,Credit Card,Pending,TRK21637540,8,FREESHIP,Google,2157
ORD200671,2023-06-15,C49282,Chair,5,51,737 Main St,Gift Card,Cancelled,TRK88653901,7,WINTER15,Google,254
ORD200672,2023-05-09,C14017,Phone,2,624,984 Main St,Debit Card,Shipped,TRK71009446,2,SAVE10,Instagram,1248
ORD200673,2023-02-21,C46504,Tablet,2,373,131 Main St,Credit Card,Delivered,TRK95024356,7,SAVE10,Email,746
ORD200674,2024-01-09,C56928,Laptop,4,359,860 Main St,Gift Card,Delivered,TRK57792939,9,SAVE10,Facebook,1435
ORD200675,2024-08-06,C97749,Desk,3,342,906 Main St,Debit Card,Pending,TRK90233116,5,NO COUPON,Email,1026
ORD200676,2025-06-23,C90431,Laptop,2,422,985 Main St,Credit Card,Cancelled,TRK44151723,4,FREESHIP,Instagram,845
ORD200677,2025-04-03,C56722,Tablet,5,22,179 Main St,Online,Cancelled,TRK78778569,7,FREESHIP,Instagram,110
ORD200678,2024-11-24,C40863,Chair,3,163,457 Main St,Gift Card,Shipped,TRK20553345,5,WINTER15,Facebook,489
ORD200679,2023-02-02,C40798,Tablet,3,361,304 Main St,Online,Returned,TRK66106697,5,FREESHIP,Instagram,1082
ORD200680,2023-08-27,C16702,Monitor,3,463,694 Main St,Credit Card,Returned,TRK16953491,3,NO COUPON,Facebook,1390
ORD200681,2024-01-30,C38262,Tablet,1,155,548 Main St,Debit Card,Shipped,TRK47300502,6,NO COUPON,Email,155
ORD200682,2023-07-23,C50274,Monitor,3,509,449 Main St,Credit Card,Cancelled,TRK91729086,5,FREESHIP,Google,1528
ORD200683,2025-05-18,C91591,Desk,4,652,887 Main St,Cash,Pending,TRK23554043,5,FREESHIP,Instagram,2610
ORD200684,2024-09-22,C96583,Printer,4,35,288 Main St,Credit Card,Shipped,TRK64353241,8,NO COUPON,Email,139
ORD200685,2025-02-07,C64579,Desk,1,234,638 Main St,Debit Card,Shipped,TRK10276565,5,FREESHIP,Email,234
ORD200686,2023-10-09,C41903,Desk,3,54,525 Main St,Cash,Pending,TRK59112382,4,WINTER15,Facebook,161
ORD200687,2023-09-13,C19742,Tablet,1,332,408 Main St,Gift Card,Returned,TRK68845230,5,FREESHIP,Instagram,332
ORD200688,2024-03-06,C20077,Monitor,4,593,154 Main St,Credit Card,Cancelled,TRK36415742,8,WINTER15,Facebook,2373
ORD200689,2023-08-29,C13186,Tablet,2,445,787 Main St,Online,Shipped,TRK56967415,7,NO COUPON,Facebook,890
ORD200690,2024-07-12,C29318,Monitor,1,24,128 Main St,Gift Card,Returned,TRK88666721,1,NO COUPON,Instagram,24
ORD200691,2024-11-24,C36137,Laptop,3,239,396 Main St,Cash,Shipped,TRK57376416,8,NO COUPON,Google,717
ORD200692,2023-01-23,C25534,Desk,5,197,319 Main St,Credit Card,Delivered,TRK68347402,5,WINTER15,Instagram,984
ORD200693,2025-03-12,C62070,Monitor,1,177,674 Main St,Debit Card,Returned,TRK10267127,4,NO COUPON,Referral,177
ORD200694,2023-10-02,C92049,Printer,4,667,619 Main St,Cash,Shipped,TRK32287092,8,FREESHIP,Email,2666
ORD200695,2024-11-23,C52604,Printer,5,101,553 Main St,Online,Shipped,TRK48839788,7,FREESHIP,Email,507
ORD200696,2023-07-02,C22429,Chair,4,151,965 Main St,Gift Card,Pending,TRK38572927,9,WINTER15,Facebook,605
ORD200697,2025-02-04,C27430,Printer,5,95,788 Main St,Cash,Shipped,TRK45025840,6,WINTER15,Email,474
ORD200698,2023-01-04,C44366,Laptop,2,388,169 Main St,Cash,Delivered,TRK48658394,2,WINTER15,Instagram,776
ORD200699,2023-11-13,C36813,Laptop,3,614,897 Main St,Gift Card,Cancelled,TRK84088900,3,NO COUPON,Facebook,1842
ORD200700,2024-09-25,C40201,Laptop,2,93,555 Main St,Cash,Returned,TRK30198779,3,WINTER15,Instagram,186
ORD200701,2024-06-23,C75456,Monitor,3,92,115 Main St,Credit Card,Delivered,TRK90519490,5,FREESHIP,Email,277
ORD200702,2024-06-09,C33315,Printer,3,563,154 Main St,Debit Card,Returned,TRK43589369,6,NO COUPON,Email,1688
ORD200703,2023-03-22,C89336,Desk,1,93,799 Main St,Cash,Pending,TRK47665103,3,WINTER15,Email,93
ORD200704,2023-06-03,C96034,Desk,4,30,819 Main St,Online,Delivered,TRK87261034,9,FREESHIP,Google,121
ORD200705,2025-03-30,C50114,Monitor,2,49,420 Main St,Debit Card,Returned,TRK20214786,7,FREESHIP,Instagram,98
ORD200706,2025-03-02,C85330,Desk,5,228,969 Main St,Gift Card,Returned,TRK97693301,9,FREESHIP,Facebook,1140
ORD200707,2024-11-01,C31761,Chair,4,650,989 Main St,Gift Card,Cancelled,TRK17628852,6,SAVE10,Facebook,2600
ORD200708,2025-03-04,C25268,Printer,1,665,788 Main St,Cash,Pending,TRK20481215,3,FREESHIP,Instagram,665
ORD200709,2024-12-07,C17132,Desk,1,386,855 Main St,Online,Pending,TRK37504692,4,FREESHIP,Google,386
ORD200710,2024-07-22,C48790,Laptop,5,22,113 Main St,Gift Card,Returned,TRK19086608,10,NO COUPON,Google,108
ORD200711,2024-07-04,C61070,Tablet,2,476,632 Main St,Online,Shipped,TRK90764894,2,WINTER15,Google,952
ORD200712,2024-01-09,C56969,Tablet,2,68,993 Main St,Gift Card,Pending,TRK10513339,7,FREESHIP,Email,137
ORD200713,2025-06-21,C65056,Tablet,4,532,638 Main St,Online,Cancelled,TRK31705278,6,SAVE10,Facebook,2130
ORD200714,2023-04-21,C84888,Laptop,1,52,278 Main St,Debit Card,Pending,TRK23612847,1,FREESHIP,Facebook,52
ORD200715,2024-07-26,C68266,Printer,3,654,281 Main St,Online,Delivered,TRK96161062,7,FREESHIP,Email,1961
ORD200716,2024-06-13,C84115,Chair,3,454,891 Main St,Credit Card,Pending,TRK25466842,4,WINTER15,Google,1363
ORD200717,2023-10-16,C50087,Chair,3,122,707 Main St,Online,Delivered,TRK31143760,4,WINTER15,Email,366
ORD200718,2023-04-08,C16790,Laptop,4,65,718 Main St,Gift Card,Cancelled,TRK91791367,8,SAVE10,Google,259
ORD200719,2024-01-21,C46920,Laptop,2,681,703 Main St,Debit Card,Shipped,TRK86403837,3,FREESHIP,Facebook,1362
ORD200720,2023-09-21,C12740,Desk,5,129,305 Main St,Cash,Pending,TRK98506513,10,FREESHIP,Instagram,645
ORD200721,2024-03-18,C46557,Desk,2,119,890 Main St,Credit Card,Delivered,TRK56110689,2,NO COUPON,Email,237
ORD200722,2024-11-15,C58156,Printer,1,95,516 Main St,Gift Card,Pending,TRK49719458,1,WINTER15,Instagram,95
ORD200723,2023-12-09,C14455,Desk,3,55,385 Main St,Cash,Returned,TRK50933724,8,SAVE10,Referral,165
ORD200724,2024-10-18,C63150,Printer,3,137,326 Main St,Credit Card,Returned,TRK19348078,4,FREESHIP,Referral,411
ORD200725,2023-03-12,C95269,Chair,2,195,372 Main St,Gift Card,Returned,TRK45670926,5,NO COUPON,Referral,390
ORD200726,2024-10-25,C18105,Laptop,4,583,338 Main St,Online,Delivered,TRK94006117,4,FREESHIP,Facebook,2332
ORD200727,2024-09-29,C29063,Chair,5,96,379 Main St,Online,Shipped,TRK92745947,8,SAVE10,Instagram,479
ORD200728,2024-07-29,C10154,Desk,4,326,827 Main St,Gift Card,Shipped,TRK79793300,8,WINTER15,Email,1303
ORD200729,2023-09-08,C36997,Phone,4,186,819 Main St,Gift Card,Pending,TRK92794872,6,SAVE10,Google,746
ORD200730,2025-02-22,C77357,Phone,1,475,407 Main St,Debit Card,Delivered,TRK91943923,4,SAVE10,Email,475
ORD200731,2024-06-07,C71310,Printer,5,584,308 Main St,Credit Card,Returned,TRK48292586,8,NO COUPON,Email,2922
ORD200732,2025-03-07,C80987,Laptop,1,132,787 Main St,Online,Delivered,TRK42187776,2,NO COUPON,Google,132
ORD200733,2023-12-04,C90757,Tablet,4,495,694 Main St,Cash,Returned,TRK87991608,8,SAVE10,Email,1979
ORD200734,2024-01-23,C51898,Printer,4,225,630 Main St,Credit Card,Returned,TRK19767885,6,WINTER15,Facebook,898
ORD200735,2024-06-28,C94508,Monitor,4,44,359 Main St,Debit Card,Pending,TRK13443264,6,NO COUPON,Email,176
ORD200736,2024-02-09,C59441,Monitor,5,419,696 Main St,Credit Card,Pending,TRK66186874,6,FREESHIP,Google,2093
ORD200737,2024-01-03,C91029,Phone,4,533,972 Main St,Cash,Pending,TRK25501930,9,FREESHIP,Instagram,2131
ORD200738,2025-06-04,C96261,Phone,2,485,264 Main St,Credit Card,Shipped,TRK44998396,5,SAVE10,Email,971
ORD200739,2024-06-13,C35123,Phone,4,387,513 Main St,Cash,Delivered,TRK58979275,4,SAVE10,Facebook,1547
ORD200740,2024-07-20,C10892,Desk,2,377,433 Main St,Cash,Pending,TRK76154554,7,NO COUPON,Google,755
ORD200741,2025-01-23,C99683,Monitor,5,333,945 Main St,Gift Card,Delivered,TRK87305883,10,NO COUPON,Referral,1663
ORD200742,2024-11-30,C41974,Laptop,3,700,726 Main St,Cash,Returned,TRK48051468,7,SAVE10,Google,2100
ORD200743,2024-09-30,C23978,Monitor,1,576,549 Main St,Gift Card,Returned,TRK87090813,1,WINTER15,Instagram,576
ORD200744,2024-06-12,C10642,Tablet,2,461,200 Main St,Cash,Delivered,TRK98725693,5,SAVE10,Google,923
ORD200745,2023-03-02,C73813,Printer,4,111,364 Main St,Debit Card,Pending,TRK89906749,7,FREESHIP,Email,445
ORD200746,2025-02-24,C32183,Desk,3,662,551 Main St,Online,Cancelled,TRK76287027,6,WINTER15,Referral,1986
ORD200747,2025-03-12,C54277,Tablet,2,260,940 Main St,Debit Card,Delivered,TRK26500181,7,FREESHIP,Instagram,519
ORD200748,2024-07-15,C56553,Tablet,3,71,249 Main St,Credit Card,Shipped,TRK37667360,8,FREESHIP,Referral,212
ORD200749,2025-04-13,C17551,Laptop,1,518,997 Main St,Debit Card,Pending,TRK88797170,4,FREESHIP,Instagram,518
ORD200750,2023-01-14,C14737,Tablet,4,145,637 Main St,Credit Card,Returned,TRK10295115,7,FREESHIP,Email,582
ORD200751,2023-01-24,C35168,Tablet,2,600,455 Main St,Gift Card,Pending,TRK76960854,7,FREESHIP,Facebook,1200
ORD200752,2024-10-03,C82217,Phone,4,429,299 Main St,Credit Card,Delivered,TRK33305694,8,FREESHIP,Google,1717
ORD200753,2024-04-24,C42270,Phone,2,241,864 Main St,Debit Card,Returned,TRK72697796,7,FREESHIP,Instagram,483
ORD200754,2025-05-31,C48846,Printer,2,452,983 Main St,Credit Card,Returned,TRK52804097,3,WINTER15,Email,904
ORD200755,2023-06-13,C54160,Desk,3,337,658 Main St,Credit Card,Pending,TRK60515972,4,NO COUPON,Email,1010
ORD200756,2024-06-27,C14080,Phone,1,284,202 Main St,Gift Card,Shipped,TRK93163682,6,NO COUPON,Google,284
ORD200757,2024-02-22,C81074,Desk,1,158,597 Main St,Debit Card,Delivered,TRK91105190,2,FREESHIP,Google,158
ORD200758,2023-03-26,C69021,Tablet,3,625,917 Main St,Credit Card,Cancelled,TRK57148510,8,WINTER15,Facebook,1875
ORD200759,2023-07-24,C96283,Desk,3,308,366 Main St,Cash,Pending,TRK91784124,3,FREESHIP,Facebook,924
ORD200760,2025-02-18,C96636,Desk,1,40,283 Main St,Debit Card,Cancelled,TRK73324346,5,NO COUPON,Google,40
ORD200761,2023-06-02,C37235,Desk,4,38,217 Main St,Debit Card,Delivered,TRK67789367,7,NO COUPON,Google,151
ORD200762,2024-09-17,C12444,Phone,3,77,611 Main St,Cash,Returned,TRK97621403,8,FREESHIP,Email,231
ORD200763,2023-04-06,C79142,Laptop,1,570,533 Main St,Online,Delivered,TRK30915955,4,FREESHIP,Email,570
ORD200764,2024-03-10,C35983,Laptop,5,627,806 Main St,Credit Card,Cancelled,TRK14016163,10,FREESHIP,Email,3137
ORD200765,2023-10-06,C36150,Laptop,2,535,281 Main St,Debit Card,Returned,TRK96249043,5,SAVE10,Google,1070
ORD200766,2023-01-22,C91454,Printer,2,279,494 Main St,Debit Card,Pending,TRK99985340,3,FREESHIP,Referral,558
ORD200767,2025-04-18,C19368,Tablet,2,323,517 Main St,Credit Card,Delivered,TRK80436037,7,NO COUPON,Instagram,646
ORD200768,2023-09-04,C35987,Tablet,5,653,165 Main St,Cash,Cancelled,TRK28918815,9,WINTER15,Email,3267
ORD200769,2023-07-06,C13366,Printer,4,679,568 Main St,Cash,Delivered,TRK98691410,5,NO COUPON,Email,2714
ORD200770,2024-02-11,C72166,Desk,1,314,227 Main St,Online,Returned,TRK67733444,6,NO COUPON,Google,314
ORD200771,2024-06-12,C20357,Phone,3,692,272 Main St,Debit Card,Cancelled,TRK82236408,8,FREESHIP,Google,2077
ORD200772,2024-07-28,C33802,Monitor,1,605,461 Main St,Online,Delivered,TRK25799478,4,NO COUPON,Instagram,605
ORD200773,2025-06-28,C99205,Phone,2,512,415 Main St,Cash,Cancelled,TRK48904015,7,NO COUPON,Facebook,1025
ORD200774,2025-04-15,C29701,Chair,3,21,257 Main St,Credit Card,Cancelled,TRK42266846,3,FREESHIP,Instagram,62
ORD200775,2023-03-04,C73941,Phone,2,625,569 Main St,Online,Cancelled,TRK22051900,5,NO COUPON,Google,1250
ORD200776,2023-08-21,C69168,Tablet,1,21,482 Main St,Cash,Returned,TRK10446197,5,WINTER15,Google,21
ORD200777,2025-03-21,C66116,Chair,5,64,633 Main St,Online,Cancelled,TRK41967983,7,NO COUPON,Facebook,322
ORD200778,2023-04-28,C85059,Laptop,4,247,316 Main St,Credit Card,Shipped,TRK56503740,8,WINTER15,Google,987
ORD200779,2023-12-01,C18076,Phone,3,589,751 Main St,Debit Card,Pending,TRK26661705,8,FREESHIP,Email,1766
ORD200780,2024-03-31,C41284,Laptop,4,184,661 Main St,Online,Cancelled,TRK73613128,4,WINTER15,Google,738
ORD200781,2024-01-10,C43524,Phone,5,524,934 Main St,Gift Card,Delivered,TRK51479426,5,FREESHIP,Referral,2621
ORD200782,2024-08-11,C58063,Monitor,2,494,167 Main St,Online,Returned,TRK50548869,6,SAVE10,Referral,987
ORD200783,2025-05-26,C19937,Printer,1,438,281 Main St,Gift Card,Returned,TRK46990083,5,FREESHIP,Facebook,438
ORD200784,2025-05-16,C21191,Laptop,1,326,232 Main St,Credit Card,Pending,TRK85771230,1,WINTER15,Referral,326
ORD200785,2023-07-29,C45862,Chair,1,176,342 Main St,Credit Card,Pending,TRK53089983,1,SAVE10,Instagram,176
ORD200786,2023-08-23,C39130,Chair,5,45,774 Main St,Online,Cancelled,TRK99583414,8,NO COUPON,Referral,227
ORD200787,2024-03-17,C18167,Desk,4,222,193 Main St,Cash,Delivered,TRK36841089,7,NO COUPON,Google,888
ORD200788,2023-11-02,C47307,Chair,2,601,761 Main St,Online,Pending,TRK43516112,5,FREESHIP,Instagram,1203
ORD200789,2023-08-17,C57276,Tablet,5,691,183 Main St,Online,Delivered,TRK75899752,10,SAVE10,Email,3456
ORD200790,2024-09-14,C38928,Laptop,4,418,302 Main St,Gift Card,Pending,TRK96636009,4,NO COUPON,Google,1672
ORD200791,2024-01-13,C49710,Chair,4,409,956 Main St,Cash,Pending,TRK92591237,8,NO COUPON,Email,1637
ORD200792,2023-06-16,C41709,Desk,2,356,746 Main St,Debit Card,Returned,TRK90995294,6,WINTER15,Facebook,713
ORD200793,2024-04-15,C91255,Chair,5,170,769 Main St,Debit Card,Delivered,TRK69599961,8,NO COUPON,Referral,851
ORD200794,2023-03-09,C76653,Printer,4,385,988 Main St,Online,Delivered,TRK77052196,9,FREESHIP,Instagram,1539
ORD200795,2024-11-20,C95667,Laptop,4,116,586 Main St,Online,Pending,TRK41266666,7,SAVE10,Instagram,463
ORD200796,2025-04-29,C33313,Phone,3,580,882 Main St,Gift Card,Returned,TRK13349970,8,WINTER15,Facebook,1739
ORD200797,2023-02-27,C36825,Laptop,2,439,426 Main St,Debit Card,Returned,TRK72557318,2,NO COUPON,Facebook,878
ORD200798,2025-05-19,C20861,Phone,5,488,968 Main St,Debit Card,Returned,TRK89372013,9,FREESHIP,Email,2442
ORD200799,2023-04-16,C26364,Laptop,4,329,803 Main St,Debit Card,Returned,TRK78924436,4,FREESHIP,Email,1314
ORD200800,2025-03-28,C34686,Tablet,1,68,412 Main St,Online,Returned,TRK99468332,3,WINTER15,Facebook,68
ORD200801,2023-05-03,C97593,Printer,4,596,738 Main St,Debit Card,Pending,TRK58443593,8,FREESHIP,Facebook,2382
ORD200802,2024-02-17,C84331,Chair,5,645,205 Main St,Gift Card,Cancelled,TRK34440714,6,FREESHIP,Email,3223
ORD200803,2023-08-20,C88775,Monitor,5,398,223 Main St,Debit Card,Returned,TRK45098068,5,SAVE10,Referral,1989
ORD200804,2024-01-01,C76362,Chair,3,237,916 Main St,Online,Delivered,TRK11868618,8,FREESHIP,Email,710
ORD200805,2024-10-15,C59278,Laptop,5,472,178 Main St,Gift Card,Cancelled,TRK14590037,10,SAVE10,Email,2360
ORD200806,2023-09-01,C55819,Chair,5,254,740 Main St,Online,Pending,TRK13775054,9,WINTER15,Instagram,1269
ORD200807,2024-11-10,C82344,Monitor,3,676,260 Main St,Online,Delivered,TRK70957219,5,SAVE10,Google,2029
ORD200808,2024-02-13,C65565,Desk,3,134,192 Main St,Credit Card,Shipped,TRK80383756,3,NO COUPON,Google,402
ORD200809,2024-04-09,C80416,Desk,5,217,752 Main St,Debit Card,Shipped,TRK54385892,10,SAVE10,Instagram,1087
ORD200810,2023-05-31,C23637,Tablet,1,554,644 Main St,Credit Card,Cancelled,TRK16749863,5,NO COUPON,Referral,554
ORD200811,2023-11-05,C24769,Laptop,2,29,864 Main St,Gift Card,Shipped,TRK44538305,7,SAVE10,Email,57
ORD200812,2024-01-26,C81547,Phone,2,255,803 Main St,Credit Card,Cancelled,TRK88437123,6,FREESHIP,Google,511
ORD200813,2025-03-15,C12813,Laptop,5,293,263 Main St,Debit Card,Cancelled,TRK36131660,8,FREESHIP,Email,1463
ORD200814,2024-12-11,C50732,Chair,4,148,979 Main St,Debit Card,Pending,TRK21082461,4,WINTER15,Instagram,590
ORD200815,2024-08-04,C41320,Printer,3,570,920 Main St,Gift Card,Cancelled,TRK77539180,8,WINTER15,Instagram,1710
ORD200816,2024-02-21,C55286,Tablet,5,575,497 Main St,Credit Card,Pending,TRK39058734,8,WINTER15,Referral,2874
ORD200817,2023-10-05,C87994,Chair,4,598,430 Main St,Credit Card,Delivered,TRK98883971,7,WINTER15,Email,2393
ORD200818,2023-03-02,C25580,Phone,4,391,860 Main St,Credit Card,Cancelled,TRK58781638,9,WINTER15,Referral,1563
ORD200819,2024-09-28,C66196,Phone,2,398,650 Main St,Debit Card,Cancelled,TRK38104650,7,SAVE10,Google,797
ORD200820,2023-05-27,C35377,Phone,5,624,171 Main St,Cash,Returned,TRK17342157,6,FREESHIP,Email,3119
ORD200821,2024-12-14,C40771,Laptop,4,174,259 Main St,Credit Card,Delivered,TRK56310345,5,SAVE10,Facebook,698
ORD200822,2025-03-15,C20624,Phone,1,480,923 Main St,Gift Card,Returned,TRK45123395,1,SAVE10,Google,480
ORD200823,2024-10-07,C27070,Laptop,4,653,973 Main St,Credit Card,Shipped,TRK83842481,8,WINTER15,Instagram,2613
ORD200824,2023-08-29,C18826,Monitor,3,481,664 Main St,Credit Card,Returned,TRK12530495,3,FREESHIP,Facebook,1443
ORD200825,2025-03-26,C23899,Desk,5,272,543 Main St,Online,Returned,TRK88914760,7,FREESHIP,Instagram,1358
ORD200826,2025-03-08,C43249,Printer,3,464,283 Main St,Online,Returned,TRK32469820,8,WINTER15,Email,1391
ORD200827,2023-05-25,C95856,Tablet,2,640,432 Main St,Cash,Delivered,TRK58829625,5,WINTER15,Instagram,1280
ORD200828,2024-07-24,C86266,Chair,4,405,510 Main St,Cash,Shipped,TRK64576020,5,FREESHIP,Instagram,1618
ORD200829,2023-02-05,C39551,Monitor,1,77,685 Main St,Debit Card,Delivered,TRK68358007,6,WINTER15,Instagram,77
ORD200830,2024-12-11,C90310,Tablet,4,191,853 Main St,Cash,Delivered,TRK70028457,5,SAVE10,Email,763
ORD200831,2023-12-18,C20124,Printer,2,89,140 Main St,Online,Pending,TRK61346824,5,NO COUPON,Google,177
ORD200832,2024-03-12,C63372,Chair,5,486,903 Main St,Online,Pending,TRK14661811,10,SAVE10,Referral,2429
ORD200833,2025-03-14,C90595,Phone,5,78,508 Main St,Credit Card,Shipped,TRK96573803,5,WINTER15,Referral,391
ORD200834,2024-04-11,C98483,Printer,5,22,456 Main St,Cash,Returned,TRK22084320,10,NO COUPON,Instagram,111
ORD200835,2024-03-26,C16429,Desk,1,680,390 Main St,Debit Card,Shipped,TRK73888013,6,FREESHIP,Google,680
ORD200836,2023-02-02,C31810,Phone,1,178,328 Main St,Credit Card,Cancelled,TRK58725886,2,FREESHIP,Google,178
ORD200837,2025-06-14,C88029,Chair,5,656,282 Main St,Online,Delivered,TRK59701278,5,NO COUPON,Email,3278
ORD200838,2024-04-11,C57798,Desk,4,577,384 Main St,Online,Pending,TRK68797566,8,NO COUPON,Facebook,2308
ORD200839,2023-08-24,C82858,Chair,3,198,551 Main St,Online,Cancelled,TRK90618490,5,NO COUPON,Google,594
ORD200840,2024-01-14,C60699,Chair,3,412,672 Main St,Credit Card,Delivered,TRK88660574,7,FREESHIP,Referral,1236
ORD200841,2024-09-19,C94658,Printer,2,443,742 Main St,Credit Card,Delivered,TRK51732528,5,NO COUPON,Facebook,886
ORD200842,2025-05-07,C78305,Laptop,3,364,396 Main St,Online,Pending,TRK88312618,7,WINTER15,Referral,1092
ORD200843,2025-05-13,C43538,Desk,3,430,534 Main St,Gift Card,Cancelled,TRK20961563,8,FREESHIP,Instagram,1290
ORD200844,2024-12-04,C47486,Chair,1,321,883 Main St,Online,Returned,TRK75984759,5,FREESHIP,Facebook,321
ORD200845,2023-10-08,C24212,Phone,3,107,808 Main St,Gift Card,Delivered,TRK68894675,5,FREESHIP,Google,322
ORD200846,2024-07-04,C24765,Desk,2,360,646 Main St,Debit Card,Cancelled,TRK43977698,4,NO COUPON,Referral,720
ORD200847,2024-11-18,C48176,Printer,4,434,670 Main St,Online,Shipped,TRK90560300,8,FREESHIP,Email,1737
ORD200848,2023-01-01,C54675,Chair,2,646,634 Main St,Online,Shipped,TRK18049633,5,NO COUPON,Referral,1292
ORD200849,2025-06-09,C16675,Printer,4,214,664 Main St,Debit Card,Cancelled,TRK12756945,7,WINTER15,Referral,857
ORD200850,2025-04-27,C38557,Monitor,3,639,890 Main St,Debit Card,Cancelled,TRK14832238,4,FREESHIP,Instagram,1916
ORD200851,2023-12-12,C80183,Laptop,1,366,146 Main St,Online,Cancelled,TRK20814598,5,SAVE10,Email,366
ORD200852,2024-10-24,C39530,Desk,3,568,618 Main St,Gift Card,Pending,TRK69000497,6,SAVE10,Google,1704
ORD200853,2023-10-16,C10002,Printer,3,490,894 Main St,Cash,Returned,TRK94641152,4,SAVE10,Facebook,1470
ORD200854,2025-06-13,C56938,Laptop,3,373,356 Main St,Credit Card,Delivered,TRK67735987,7,WINTER15,Referral,1118
ORD200855,2023-05-25,C41331,Monitor,5,241,785 Main St,Credit Card,Shipped,TRK94198179,10,FREESHIP,Email,1203
ORD200856,2024-06-03,C94698,Phone,1,587,871 Main St,Debit Card,Shipped,TRK95768773,5,NO COUPON,Facebook,587
ORD200857,2024-03-10,C56506,Phone,3,258,185 Main St,Online,Delivered,TRK86808324,4,NO COUPON,Instagram,774
ORD200858,2023-08-20,C22167,Tablet,5,436,891 Main St,Online,Pending,TRK70269748,9,NO COUPON,Facebook,2178
ORD200859,2024-08-28,C11127,Chair,5,261,154 Main St,Credit Card,Returned,TRK73285507,5,SAVE10,Referral,1307
ORD200860,2024-01-23,C69542,Printer,1,423,876 Main St,Cash,Delivered,TRK20746505,1,SAVE10,Google,423
ORD200861,2023-03-19,C93276,Desk,5,330,230 Main St,Gift Card,Shipped,TRK44165913,10,FREESHIP,Google,1652
ORD200862,2023-12-02,C37969,Desk,3,121,799 Main St,Credit Card,Shipped,TRK69852386,5,SAVE10,Referral,362
ORD200863,2024-05-20,C98276,Phone,1,14,471 Main St,Credit Card,Pending,TRK74207282,5,SAVE10,Referral,14
ORD200864,2023-05-03,C14240,Desk,1,491,592 Main St,Credit Card,Delivered,TRK58095246,4,SAVE10,Facebook,491
ORD200865,2023-04-30,C72241,Monitor,4,677,156 Main St,Cash,Pending,TRK76270481,8,SAVE10,Google,2709
ORD200866,2024-07-26,C39664,Desk,5,189,693 Main St,Debit Card,Cancelled,TRK39917741,10,WINTER15,Email,946
ORD200867,2024-05-26,C53252,Printer,4,143,351 Main St,Cash,Delivered,TRK65831261,4,FREESHIP,Facebook,570
ORD200868,2024-06-29,C70452,Monitor,4,316,309 Main St,Debit Card,Delivered,TRK42985882,7,NO COUPON,Facebook,1265
ORD200869,2024-03-17,C29905,Desk,2,534,790 Main St,Online,Delivered,TRK16788127,5,WINTER15,Google,1068
ORD200870,2025-06-01,C78725,Phone,4,470,541 Main St,Debit Card,Delivered,TRK72001139,4,FREESHIP,Google,1880
ORD200871,2024-05-16,C93768,Tablet,3,324,720 Main St,Debit Card,Pending,TRK22024707,8,FREESHIP,Email,973
ORD200872,2023-07-10,C59169,Chair,4,629,172 Main St,Cash,Shipped,TRK90883858,7,NO COUPON,Email,2517
ORD200873,2024-05-12,C53488,Desk,3,137,448 Main St,Cash,Delivered,TRK27365050,3,SAVE10,Facebook,411
ORD200874,2023-10-31,C92180,Chair,2,489,632 Main St,Cash,Delivered,TRK93315929,7,FREESHIP,Facebook,978
ORD200875,2023-08-03,C25918,Laptop,5,133,203 Main St,Credit Card,Delivered,TRK66473392,6,FREESHIP,Referral,667
ORD200876,2024-06-09,C90363,Chair,5,609,200 Main St,Gift Card,Pending,TRK21534173,6,SAVE10,Google,3045
ORD200877,2024-07-25,C43867,Tablet,1,524,269 Main St,Debit Card,Pending,TRK97319127,3,FREESHIP,Email,524
ORD200878,2023-06-01,C73873,Desk,2,331,393 Main St,Online,Cancelled,TRK56423132,5,SAVE10,Google,661
ORD200879,2025-04-08,C56622,Phone,2,548,932 Main St,Gift Card,Shipped,TRK86373987,3,NO COUPON,Instagram,1095
ORD200880,2025-03-12,C85074,Laptop,4,234,506 Main St,Online,Shipped,TRK63133878,8,SAVE10,Facebook,935
ORD200881,2023-01-03,C59579,Tablet,2,449,386 Main St,Credit Card,Pending,TRK48000034,6,NO COUPON,Instagram,898
ORD200882,2025-06-28,C43335,Phone,2,274,533 Main St,Cash,Delivered,TRK91848650,6,FREESHIP,Referral,548
ORD200883,2025-05-13,C43595,Printer,5,561,451 Main St,Online,Delivered,TRK25317348,9,FREESHIP,Facebook,2807
ORD200884,2024-05-15,C71471,Chair,1,596,817 Main St,Gift Card,Shipped,TRK52137079,4,NO COUPON,Instagram,596
ORD200885,2024-04-07,C61090,Laptop,4,516,387 Main St,Credit Card,Shipped,TRK36388962,7,FREESHIP,Google,2062
ORD200886,2023-10-25,C29620,Phone,1,460,792 Main St,Credit Card,Returned,TRK22046456,1,NO COUPON,Google,460
ORD200887,2024-12-19,C67932,Chair,3,172,857 Main St,Debit Card,Delivered,TRK88547534,7,NO COUPON,Google,515
ORD200888,2024-07-23,C14427,Laptop,2,267,833 Main St,Credit Card,Pending,TRK58024529,3,NO COUPON,Instagram,534
ORD200889,2024-10-27,C36725,Monitor,5,651,350 Main St,Credit Card,Cancelled,TRK16808790,8,WINTER15,Email,3254
ORD200890,2023-08-11,C51921,Laptop,3,440,943 Main St,Debit Card,Pending,TRK85741716,5,NO COUPON,Google,1319
ORD200891,2023-11-11,C36534,Monitor,3,655,918 Main St,Cash,Returned,TRK38952138,7,SAVE10,Referral,1964
ORD200892,2024-06-04,C72043,Desk,1,395,480 Main St,Cash,Shipped,TRK40896408,2,FREESHIP,Referral,395
ORD200893,2023-03-21,C99533,Monitor,1,678,696 Main St,Cash,Pending,TRK55701253,4,FREESHIP,Referral,678
ORD200894,2023-05-23,C90852,Tablet,3,575,852 Main St,Online,Cancelled,TRK37551831,8,WINTER15,Instagram,1725
ORD200895,2023-11-09,C81882,Chair,3,155,832 Main St,Debit Card,Pending,TRK62371264,6,WINTER15,Facebook,464
ORD200896,2024-10-18,C85466,Desk,3,147,102 Main St,Gift Card,Shipped,TRK66764177,3,FREESHIP,Google,442
ORD200897,2024-09-03,C87995,Laptop,4,481,358 Main St,Gift Card,Delivered,TRK38730545,5,SAVE10,Instagram,1926
ORD200898,2025-03-05,C44619,Monitor,3,158,742 Main St,Cash,Shipped,TRK66662528,6,NO COUPON,Referral,475
ORD200899,2025-04-23,C99904,Printer,2,323,552 Main St,Online,Pending,TRK83843411,3,SAVE10,Instagram,647
ORD200900,2025-02-07,C52342,Laptop,5,74,991 Main St,Debit Card,Pending,TRK67342586,9,NO COUPON,Instagram,369
ORD200901,2024-04-28,C44277,Tablet,1,459,839 Main St,Debit Card,Returned,TRK79321479,4,WINTER15,Referral,459
ORD200902,2024-07-13,C61162,Monitor,4,180,813 Main St,Debit Card,Cancelled,TRK76712124,7,NO COUPON,Facebook,721
ORD200903,2023-05-17,C80868,Monitor,3,473,205 Main St,Credit Card,Pending,TRK56186636,7,NO COUPON,Email,1420
ORD200904,2025-02-05,C16693,Monitor,4,237,262 Main St,Cash,Cancelled,TRK41146508,8,WINTER15,Referral,950
ORD200905,2023-11-23,C67818,Laptop,1,442,101 Main St,Gift Card,Pending,TRK81978113,6,FREESHIP,Facebook,442
ORD200906,2024-09-03,C49938,Monitor,1,62,141 Main St,Cash,Returned,TRK80175572,2,NO COUPON,Email,62
ORD200907,2024-08-04,C90898,Desk,5,298,583 Main St,Gift Card,Cancelled,TRK52935170,7,WINTER15,Referral,1492
ORD200908,2025-05-06,C35117,Desk,2,698,332 Main St,Credit Card,Cancelled,TRK27155709,2,SAVE10,Google,1396
ORD200909,2024-05-27,C60203,Tablet,2,292,569 Main St,Cash,Shipped,TRK76525279,5,FREESHIP,Instagram,584
ORD200910,2024-05-31,C36174,Printer,3,309,348 Main St,Cash,Delivered,TRK26397548,3,SAVE10,Instagram,927
ORD200911,2024-08-13,C80872,Desk,5,397,593 Main St,Cash,Cancelled,TRK43967487,9,SAVE10,Instagram,1984
ORD200912,2024-01-22,C67604,Desk,2,140,318 Main St,Online,Returned,TRK85545920,7,FREESHIP,Email,279
ORD200913,2023-02-16,C45599,Printer,5,476,505 Main St,Credit Card,Returned,TRK62277685,8,WINTER15,Facebook,2380
ORD200914,2025-02-10,C70352,Desk,1,627,955 Main St,Gift Card,Returned,TRK51589589,4,WINTER15,Facebook,627
ORD200915,2024-02-16,C20643,Laptop,4,503,939 Main St,Debit Card,Shipped,TRK30736692,4,WINTER15,Referral,2012
ORD200916,2024-06-21,C35669,Printer,5,579,165 Main St,Cash,Returned,TRK13928455,6,NO COUPON,Referral,2894
ORD200917,2025-01-20,C65524,Laptop,5,384,836 Main St,Credit Card,Returned,TRK19315310,7,FREESHIP,Google,1919
ORD200918,2025-06-24,C74359,Laptop,5,368,706 Main St,Online,Delivered,TRK18250450,5,NO COUPON,Instagram,1841
ORD200919,2025-02-07,C92086,Printer,2,375,187 Main St,Online,Shipped,TRK23357668,3,FREESHIP,Referral,749
ORD200920,2025-03-12,C26137,Tablet,2,428,978 Main St,Credit Card,Returned,TRK98110407,6,NO COUPON,Instagram,856
ORD200921,2023-07-24,C90573,Tablet,1,439,144 Main St,Gift Card,Cancelled,TRK90075720,3,SAVE10,Referral,439
ORD200922,2024-06-17,C81857,Desk,2,564,487 Main St,Credit Card,Pending,TRK79737732,3,NO COUPON,Instagram,1128
ORD200923,2023-02-11,C91582,Printer,3,650,836 Main St,Credit Card,Pending,TRK99938245,7,WINTER15,Facebook,1950
ORD200924,2025-03-22,C81319,Printer,5,268,991 Main St,Cash,Returned,TRK55330558,5,SAVE10,Email,1342
ORD200925,2024-12-20,C78500,Monitor,5,502,304 Main St,Online,Shipped,TRK97460884,10,WINTER15,Email,2512
ORD200926,2024-03-20,C67533,Desk,1,27,672 Main St,Cash,Delivered,TRK14566395,1,WINTER15,Email,27
ORD200927,2023-02-14,C35566,Laptop,4,65,638 Main St,Debit Card,Shipped,TRK10003020,7,WINTER15,Google,259
ORD200928,2024-05-09,C77166,Laptop,3,247,821 Main St,Debit Card,Returned,TRK18896595,3,WINTER15,Referral,741
ORD200929,2024-10-16,C67936,Tablet,2,536,553 Main St,Debit Card,Pending,TRK71803414,3,NO COUPON,Email,1073
ORD200930,2024-12-16,C59554,Phone,2,456,382 Main St,Debit Card,Returned,TRK28182447,4,FREESHIP,Email,912
ORD200931,2024-01-01,C14005,Printer,2,40,623 Main St,Credit Card,Cancelled,TRK87567926,4,SAVE10,Google,80
ORD200932,2023-03-26,C26118,Laptop,2,72,168 Main St,Online,Delivered,TRK15334251,7,WINTER15,Instagram,145
ORD200933,2023-01-26,C59685,Monitor,2,394,255 Main St,Online,Shipped,TRK43718093,2,NO COUPON,Referral,788
ORD200934,2025-06-01,C40304,Laptop,4,120,692 Main St,Gift Card,Shipped,TRK85790948,8,FREESHIP,Referral,479
ORD200935,2023-11-24,C39593,Phone,3,693,398 Main St,Credit Card,Delivered,TRK62405253,3,FREESHIP,Instagram,2078
ORD200936,2024-01-12,C50612,Chair,4,57,737 Main St,Online,Delivered,TRK44140968,4,SAVE10,Instagram,227
ORD200937,2024-01-16,C39791,Chair,2,299,536 Main St,Debit Card,Cancelled,TRK46221436,5,WINTER15,Email,597
ORD200938,2023-07-12,C39017,Chair,3,331,696 Main St,Credit Card,Cancelled,TRK91155214,6,WINTER15,Referral,994
ORD200939,2025-04-16,C48510,Laptop,2,521,212 Main St,Cash,Delivered,TRK53152886,7,SAVE10,Instagram,1043
ORD200940,2023-03-27,C74003,Printer,4,305,679 Main St,Online,Cancelled,TRK91525779,4,SAVE10,Google,1221
ORD200941,2023-07-17,C91155,Printer,5,112,599 Main St,Credit Card,Cancelled,TRK82162952,9,FREESHIP,Email,559
ORD200942,2023-09-29,C17591,Tablet,1,480,882 Main St,Credit Card,Pending,TRK56070470,1,NO COUPON,Email,480
ORD200943,2023-12-27,C43330,Monitor,3,193,355 Main St,Gift Card,Returned,TRK71594838,6,FREESHIP,Facebook,580
ORD200944,2024-12-16,C32687,Laptop,2,426,448 Main St,Online,Delivered,TRK98284560,7,WINTER15,Google,852
ORD200945,2023-08-20,C79722,Tablet,5,276,619 Main St,Gift Card,Shipped,TRK29976438,10,FREESHIP,Referral,1382
ORD200946,2024-05-04,C65021,Phone,2,405,546 Main St,Cash,Shipped,TRK20626179,4,SAVE10,Email,810
ORD200947,2023-09-07,C85520,Phone,4,466,119 Main St,Online,Returned,TRK65994177,9,FREESHIP,Email,1863
ORD200948,2024-06-21,C94569,Phone,2,594,739 Main St,Gift Card,Cancelled,TRK79269291,2,NO COUPON,Google,1188
ORD200949,2023-11-09,C55778,Desk,5,110,319 Main St,Cash,Pending,TRK93797108,10,NO COUPON,Referral,552
ORD200950,2024-05-31,C19722,Laptop,1,596,891 Main St,Credit Card,Returned,TRK78094361,4,FREESHIP,Instagram,596
ORD200951,2024-07-22,C74928,Printer,2,306,589 Main St,Online,Returned,TRK39845914,4,FREESHIP,Email,612
ORD200952,2025-02-27,C49111,Monitor,3,503,225 Main St,Online,Pending,TRK45303393,5,NO COUPON,Facebook,1510
ORD200953,2023-02-06,C43721,Phone,1,132,971 Main St,Cash,Shipped,TRK89392104,2,FREESHIP,Facebook,132
ORD200954,2024-10-22,C68609,Chair,3,443,240 Main St,Gift Card,Shipped,TRK58273778,3,FREESHIP,Google,1330
ORD200955,2023-01-23,C82068,Chair,1,408,164 Main St,Gift Card,Shipped,TRK25779180,3,WINTER15,Instagram,408
ORD200956,2024-04-11,C21191,Phone,2,161,381 Main St,Debit Card,Delivered,TRK86246309,3,SAVE10,Referral,322
ORD200957,2023-01-12,C73575,Monitor,5,644,851 Main St,Cash,Returned,TRK23387612,8,WINTER15,Facebook,3219
ORD200958,2023-05-13,C82685,Desk,3,159,537 Main St,Gift Card,Delivered,TRK70184320,7,WINTER15,Email,476
ORD200959,2024-04-13,C73996,Tablet,2,144,856 Main St,Credit Card,Returned,TRK74579570,6,SAVE10,Instagram,288
ORD200960,2023-12-11,C87687,Laptop,3,379,312 Main St,Gift Card,Pending,TRK60383805,3,WINTER15,Google,1137
ORD200961,2024-11-11,C55464,Phone,1,601,532 Main St,Online,Shipped,TRK81178598,1,NO COUPON,Facebook,601
ORD200962,2024-09-06,C12459,Phone,2,142,838 Main St,Gift Card,Delivered,TRK30674085,4,SAVE10,Referral,284
ORD200963,2024-03-11,C88075,Chair,5,530,970 Main St,Online,Shipped,TRK42832976,9,FREESHIP,Google,2652
ORD200964,2023-08-20,C18583,Phone,5,364,778 Main St,Credit Card,Cancelled,TRK43084595,10,SAVE10,Referral,1822
ORD200965,2025-06-18,C70412,Laptop,4,578,791 Main St,Gift Card,Cancelled,TRK22192783,5,FREESHIP,Email,2313
ORD200966,2025-05-20,C58503,Monitor,5,281,290 Main St,Credit Card,Cancelled,TRK12981657,7,WINTER15,Facebook,1403
ORD200967,2025-05-06,C52879,Tablet,5,639,502 Main St,Credit Card,Returned,TRK67403284,5,FREESHIP,Google,3195
ORD200968,2024-02-08,C67870,Monitor,4,412,664 Main St,Credit Card,Shipped,TRK72602178,6,WINTER15,Referral,1649
ORD200969,2025-06-05,C19439,Desk,1,440,675 Main St,Gift Card,Shipped,TRK25383993,2,WINTER15,Facebook,440
ORD200970,2024-09-07,C72664,Desk,1,627,241 Main St,Cash,Delivered,TRK86694331,5,SAVE10,Instagram,627
ORD200971,2024-05-27,C32650,Monitor,2,605,934 Main St,Cash,Cancelled,TRK66648743,4,WINTER15,Referral,1211
ORD200972,2024-06-09,C66438,Laptop,1,90,816 Main St,Cash,Delivered,TRK32035271,5,SAVE10,Facebook,90
ORD200973,2025-06-09,C70010,Desk,5,231,141 Main St,Online,Pending,TRK50594008,10,WINTER15,Referral,1154
ORD200974,2023-09-27,C30722,Desk,5,267,274 Main St,Gift Card,Cancelled,TRK52088168,5,NO COUPON,Email,1334
ORD200975,2023-05-18,C70529,Desk,1,106,974 Main St,Gift Card,Returned,TRK82165408,6,SAVE10,Email,106
ORD200976,2024-04-04,C18984,Tablet,3,589,650 Main St,Credit Card,Returned,TRK49298239,6,WINTER15,Referral,1768
ORD200977,2023-01-28,C85841,Chair,4,649,608 Main St,Cash,Pending,TRK99820544,8,SAVE10,Google,2598
ORD200978,2024-06-25,C41508,Printer,4,107,993 Main St,Cash,Delivered,TRK61047536,5,NO COUPON,Google,430
ORD200979,2023-05-31,C75018,Monitor,3,669,299 Main St,Cash,Delivered,TRK51794806,7,SAVE10,Facebook,2007
ORD200980,2023-10-14,C84320,Chair,3,70,107 Main St,Cash,Delivered,TRK81093218,7,WINTER15,Instagram,209
ORD200981,2023-11-26,C12609,Phone,4,137,490 Main St,Debit Card,Pending,TRK56379337,8,SAVE10,Email,547
ORD200982,2024-09-06,C64935,Monitor,1,304,707 Main St,Gift Card,Shipped,TRK42969065,2,SAVE10,Referral,304
ORD200983,2024-11-24,C67528,Monitor,4,296,110 Main St,Gift Card,Shipped,TRK60865210,5,SAVE10,Email,1185
ORD200984,2025-02-28,C44176,Desk,1,78,706 Main St,Credit Card,Shipped,TRK68704764,1,FREESHIP,Facebook,78
ORD200985,2024-07-20,C92788,Desk,1,244,948 Main St,Gift Card,Delivered,TRK83835361,6,SAVE10,Google,244
ORD200986,2024-09-07,C69213,Laptop,4,645,533 Main St,Credit Card,Pending,TRK67837331,7,FREESHIP,Email,2580
ORD200987,2025-06-05,C67387,Phone,5,284,436 Main St,Gift Card,Pending,TRK54120003,8,FREESHIP,Instagram,1419
ORD200988,2025-02-04,C90318,Desk,2,630,818 Main St,Gift Card,Cancelled,TRK52765043,5,WINTER15,Instagram,1259
ORD200989,2023-03-23,C49995,Laptop,4,246,559 Main St,Credit Card,Pending,TRK33212013,4,SAVE10,Instagram,984
ORD200990,2023-11-19,C52313,Phone,2,418,913 Main St,Debit Card,Pending,TRK67368559,2,SAVE10,Google,837
ORD200991,2024-05-09,C10211,Desk,5,127,598 Main St,Debit Card,Cancelled,TRK68938335,10,FREESHIP,Google,636
ORD200992,2024-08-27,C97907,Printer,3,586,933 Main St,Gift Card,Pending,TRK89637569,4,WINTER15,Referral,1759
ORD200993,2024-04-06,C61384,Monitor,3,267,576 Main St,Gift Card,Delivered,TRK33323210,5,WINTER15,Instagram,802
ORD200994,2024-06-27,C27613,Tablet,4,616,971 Main St,Debit Card,Delivered,TRK63701318,9,WINTER15,Google,2463
ORD200995,2023-11-18,C99271,Monitor,2,113,959 Main St,Cash,Pending,TRK87832736,5,SAVE10,Facebook,227
ORD200996,2024-04-28,C28648,Monitor,4,474,101 Main St,Debit Card,Delivered,TRK92240846,7,SAVE10,Facebook,1895
ORD200997,2023-11-27,C26210,Laptop,3,445,805 Main St,Cash,Delivered,TRK40616861,6,SAVE10,Facebook,1334
ORD200998,2023-05-19,C90350,Phone,2,184,783 Main St,Debit Card,Cancelled,TRK22824230,6,SAVE10,Google,367
ORD200999,2023-12-24,C61957,Printer,1,483,652 Main St,Cash,Pending,TRK43983841,6,FREESHIP,Google,483
ORD201000,2023-06-21,C90132,Printer,5,261,582 Main St,Online,Delivered,TRK52664903,9,SAVE10,Email,1305
ORD201001,2023-12-08,C31371,Printer,2,254,122 Main St,Gift Card,Shipped,TRK19554327,6,NO COUPON,Referral,507
ORD201002,2025-06-19,C83911,Tablet,4,700,944 Main St,Cash,Pending,TRK33188106,5,WINTER15,Referral,2800
ORD201003,2023-01-11,C84700,Printer,5,320,582 Main St,Cash,Shipped,TRK14706969,7,SAVE10,Google,1600
ORD201004,2025-06-09,C87529,Chair,4,247,296 Main St,Online,Pending,TRK15739505,8,SAVE10,Referral,988
ORD201005,2023-03-02,C38065,Printer,3,393,426 Main St,Credit Card,Returned,TRK11448295,6,NO COUPON,Google,1179
ORD201006,2024-05-27,C27435,Tablet,5,421,860 Main St,Cash,Delivered,TRK91458233,7,SAVE10,Facebook,2105
ORD201007,2024-03-20,C46651,Monitor,2,73,839 Main St,Cash,Pending,TRK60444502,4,WINTER15,Facebook,147
ORD201008,2023-01-13,C62557,Monitor,3,411,257 Main St,Cash,Delivered,TRK12742366,8,FREESHIP,Instagram,1233
ORD201009,2023-09-02,C54494,Tablet,2,176,696 Main St,Credit Card,Delivered,TRK95958645,2,FREESHIP,Email,353
ORD201010,2023-03-31,C33729,Monitor,3,660,533 Main St,Credit Card,Cancelled,TRK35649833,6,SAVE10,Email,1979
ORD201011,2024-12-03,C47823,Phone,2,478,654 Main St,Online,Shipped,TRK22271097,3,NO COUPON,Google,957
ORD201012,2024-12-03,C84570,Printer,4,30,301 Main St,Online,Returned,TRK12551882,6,NO COUPON,Facebook,120
ORD201013,2025-04-26,C91123,Laptop,4,301,842 Main St,Cash,Cancelled,TRK49568409,9,FREESHIP,Facebook,1202
ORD201014,2024-02-04,C92548,Tablet,5,226,160 Main St,Debit Card,Returned,TRK21682892,6,FREESHIP,Email,1132
ORD201015,2024-01-26,C97454,Printer,2,349,892 Main St,Online,Shipped,TRK73249329,2,SAVE10,Instagram,699
ORD201016,2023-12-29,C20257,Tablet,5,269,669 Main St,Debit Card,Delivered,TRK62135578,7,WINTER15,Email,1344
ORD201017,2024-08-25,C51694,Chair,2,681,953 Main St,Gift Card,Delivered,TRK83122112,6,FREESHIP,Referral,1362
ORD201018,2023-07-08,C77499,Laptop,3,182,209 Main St,Cash,Delivered,TRK20703086,3,NO COUPON,Instagram,547
ORD201019,2024-04-06,C28386,Desk,1,277,293 Main St,Cash,Returned,TRK32954229,2,SAVE10,Referral,277
ORD201020,2024-04-22,C50211,Tablet,2,27,312 Main St,Online,Delivered,TRK47787981,3,SAVE10,Instagram,53
ORD201021,2023-10-23,C74519,Phone,3,315,309 Main St,Credit Card,Cancelled,TRK97351945,4,SAVE10,Email,946
ORD201022,2025-02-24,C19071,Tablet,3,451,396 Main St,Credit Card,Shipped,TRK66537096,8,SAVE10,Referral,1353
ORD201023,2024-09-23,C65251,Laptop,5,234,291 Main St,Cash,Shipped,TRK32059025,10,NO COUPON,Referral,1168
ORD201024,2024-01-29,C90612,Chair,3,368,731 Main St,Cash,Pending,TRK93022878,7,FREESHIP,Facebook,1103
ORD201025,2025-05-17,C28406,Chair,1,24,174 Main St,Gift Card,Delivered,TRK98841457,2,FREESHIP,Instagram,24
ORD201026,2023-05-01,C55454,Monitor,1,677,807 Main St,Online,Delivered,TRK13281370,1,WINTER15,Facebook,677
ORD201027,2024-05-21,C93467,Laptop,4,555,983 Main St,Cash,Returned,TRK77377373,6,NO COUPON,Google,2219
ORD201028,2023-02-17,C60042,Desk,4,440,610 Main St,Cash,Cancelled,TRK84651559,6,NO COUPON,Instagram,1761
ORD201029,2025-03-01,C44733,Desk,1,87,851 Main St,Credit Card,Shipped,TRK41500198,4,FREESHIP,Email,87
ORD201030,2023-10-02,C61773,Phone,4,245,176 Main St,Credit Card,Delivered,TRK12936357,6,WINTER15,Email,981
ORD201031,2023-02-28,C59183,Phone,5,665,136 Main St,Debit Card,Pending,TRK18129706,8,SAVE10,Email,3323
ORD201032,2023-04-20,C26188,Chair,1,619,990 Main St,Online,Delivered,TRK61634201,6,WINTER15,Referral,619
ORD201033,2024-12-24,C20338,Monitor,1,371,331 Main St,Gift Card,Delivered,TRK30654048,2,FREESHIP,Referral,371
ORD201034,2024-06-16,C84524,Printer,4,518,766 Main St,Cash,Cancelled,TRK76751888,8,FREESHIP,Facebook,2072
ORD201035,2023-11-12,C70315,Laptop,4,506,911 Main St,Cash,Cancelled,TRK97732085,5,NO COUPON,Referral,2024
ORD201036,2024-05-31,C98278,Phone,3,414,552 Main St,Gift Card,Shipped,TRK49684737,8,SAVE10,Facebook,1241
ORD201037,2023-12-13,C32347,Printer,1,250,408 Main St,Cash,Pending,TRK54073964,1,SAVE10,Google,250
ORD201038,2025-03-15,C77961,Tablet,3,363,422 Main St,Debit Card,Returned,TRK28969024,5,NO COUPON,Facebook,1088
ORD201039,2025-06-28,C49137,Desk,2,299,177 Main St,Credit Card,Cancelled,TRK79362428,2,WINTER15,Instagram,598
ORD201040,2023-11-15,C13169,Tablet,1,536,932 Main St,Debit Card,Delivered,TRK66288666,5,FREESHIP,Google,536
ORD201041,2023-02-11,C21167,Monitor,4,559,948 Main St,Gift Card,Shipped,TRK97737564,9,WINTER15,Google,2236
ORD201042,2024-12-09,C59724,Tablet,2,410,414 Main St,Debit Card,Shipped,TRK67878272,2,WINTER15,Facebook,820
ORD201043,2025-01-11,C43965,Tablet,2,180,675 Main St,Gift Card,Shipped,TRK94346739,5,NO COUPON,Instagram,360
ORD201044,2025-06-22,C63018,Printer,1,38,215 Main St,Credit Card,Delivered,TRK52335337,4,FREESHIP,Referral,38
ORD201045,2024-09-20,C11893,Laptop,5,316,671 Main St,Gift Card,Returned,TRK72012758,7,NO COUPON,Email,1582
ORD201046,2024-10-07,C85421,Tablet,3,547,466 Main St,Online,Shipped,TRK16524006,4,WINTER15,Instagram,1641
ORD201047,2023-06-23,C81726,Chair,4,540,394 Main St,Gift Card,Shipped,TRK69872994,6,WINTER15,Referral,2161
ORD201048,2024-09-09,C57601,Monitor,4,74,889 Main St,Debit Card,Shipped,TRK21153699,9,NO COUPON,Google,295
ORD201049,2024-07-18,C60575,Desk,5,392,587 Main St,Credit Card,Shipped,TRK44468232,6,NO COUPON,Instagram,1959
ORD201050,2023-08-20,C70659,Laptop,5,70,722 Main St,Online,Returned,TRK49663597,9,NO COUPON,Instagram,349
ORD201051,2025-03-05,C35043,Monitor,5,26,820 Main St,Gift Card,Shipped,TRK65097450,5,FREESHIP,Facebook,132
ORD201052,2023-09-11,C12301,Tablet,1,532,493 Main St,Online,Shipped,TRK25145796,1,WINTER15,Google,532
ORD201053,2024-09-15,C32798,Phone,2,497,679 Main St,Online,Pending,TRK37375451,2,SAVE10,Instagram,993
ORD201054,2023-11-29,C42949,Printer,1,661,447 Main St,Debit Card,Delivered,TRK46415143,3,WINTER15,Instagram,661
ORD201055,2023-10-23,C10787,Monitor,4,275,932 Main St,Debit Card,Delivered,TRK91512567,9,WINTER15,Email,1099
ORD201056,2024-06-14,C26152,Phone,2,486,790 Main St,Online,Pending,TRK49382455,6,SAVE10,Referral,973
ORD201057,2024-09-24,C46210,Laptop,3,429,535 Main St,Debit Card,Shipped,TRK81611937,3,WINTER15,Facebook,1287
ORD201058,2023-09-08,C32943,Desk,2,412,127 Main St,Credit Card,Returned,TRK26949106,2,FREESHIP,Instagram,824
ORD201059,2024-09-22,C73629,Desk,1,266,601 Main St,Credit Card,Returned,TRK11492924,3,WINTER15,Instagram,266
ORD201060,2024-05-07,C38024,Tablet,2,273,824 Main St,Cash,Shipped,TRK93370912,7,WINTER15,Referral,547
ORD201061,2025-01-29,C25445,Laptop,5,132,830 Main St,Cash,Shipped,TRK12402431,8,FREESHIP,Google,659
ORD201062,2023-08-23,C13501,Chair,5,86,301 Main St,Gift Card,Cancelled,TRK65149372,5,NO COUPON,Facebook,428
ORD201063,2024-06-19,C42108,Desk,2,321,336 Main St,Credit Card,Shipped,TRK58407918,5,FREESHIP,Referral,641
ORD201064,2025-02-12,C32121,Laptop,4,199,654 Main St,Cash,Returned,TRK96074264,9,FREESHIP,Referral,795
ORD201065,2023-10-30,C47778,Printer,5,667,488 Main St,Debit Card,Delivered,TRK79504329,7,SAVE10,Referral,3334
ORD201066,2023-12-20,C10791,Desk,1,355,674 Main St,Debit Card,Cancelled,TRK20321248,5,SAVE10,Instagram,355
ORD201067,2023-06-06,C78959,Phone,2,316,384 Main St,Online,Returned,TRK37426359,2,NO COUPON,Instagram,632
ORD201068,2024-08-03,C29914,Laptop,1,133,469 Main St,Debit Card,Shipped,TRK22073506,2,SAVE10,Referral,133
ORD201069,2023-02-25,C70506,Monitor,1,454,255 Main St,Gift Card,Returned,TRK12518384,3,NO COUPON,Facebook,454
ORD201070,2024-09-06,C46873,Desk,4,491,496 Main St,Debit Card,Pending,TRK10926575,6,NO COUPON,Email,1965
ORD201071,2025-06-24,C94037,Phone,2,255,216 Main St,Cash,Shipped,TRK47536985,2,NO COUPON,Google,510
ORD201072,2023-02-26,C88644,Monitor,1,393,977 Main St,Gift Card,Cancelled,TRK14900878,4,SAVE10,Referral,393
ORD201073,2024-10-11,C69471,Tablet,4,362,294 Main St,Debit Card,Returned,TRK11107152,4,NO COUPON,Facebook,1448
ORD201074,2024-05-10,C21437,Phone,1,223,120 Main St,Online,Returned,TRK81624772,4,NO COUPON,Google,223
ORD201075,2024-08-31,C40949,Monitor,2,553,609 Main St,Debit Card,Delivered,TRK43066749,7,WINTER15,Instagram,1105
ORD201076,2023-05-08,C99116,Laptop,4,687,176 Main St,Cash,Shipped,TRK52711973,6,NO COUPON,Referral,2746
ORD201077,2025-03-07,C57861,Printer,3,305,115 Main St,Credit Card,Cancelled,TRK47775217,8,SAVE10,Referral,915
ORD201078,2023-03-18,C62627,Desk,1,41,881 Main St,Online,Returned,TRK90060232,4,WINTER15,Email,41
ORD201079,2024-06-20,C89979,Phone,5,634,144 Main St,Gift Card,Delivered,TRK99055909,8,NO COUPON,Email,3170
ORD201080,2023-01-20,C70613,Laptop,5,465,438 Main St,Gift Card,Delivered,TRK33140293,7,NO COUPON,Referral,2324
ORD201081,2023-04-21,C55636,Monitor,4,426,494 Main St,Credit Card,Pending,TRK85897054,5,FREESHIP,Google,1702
ORD201082,2023-10-06,C96595,Chair,3,573,177 Main St,Debit Card,Pending,TRK59779174,5,SAVE10,Email,1720
ORD201083,2024-07-09,C68508,Chair,1,123,895 Main St,Credit Card,Delivered,TRK98960285,3,SAVE10,Email,123
ORD201084,2023-01-08,C45175,Phone,1,71,128 Main St,Gift Card,Pending,TRK41792296,1,WINTER15,Instagram,71
ORD201085,2023-05-21,C28049,Printer,2,647,404 Main St,Debit Card,Shipped,TRK91426444,7,WINTER15,Instagram,1293
ORD201086,2023-12-23,C46967,Tablet,2,513,401 Main St,Online,Pending,TRK91439791,5,WINTER15,Instagram,1027
ORD201087,2025-03-23,C84134,Laptop,4,693,530 Main St,Online,Shipped,TRK48659380,8,SAVE10,Instagram,2772
ORD201088,2023-11-30,C49831,Desk,3,491,213 Main St,Gift Card,Shipped,TRK21232601,6,WINTER15,Instagram,1474
ORD201089,2025-03-15,C13324,Tablet,2,600,440 Main St,Gift Card,Shipped,TRK66967997,2,NO COUPON,Instagram,1199
ORD201090,2023-02-25,C61225,Monitor,2,650,996 Main St,Gift Card,Returned,TRK37022954,6,NO COUPON,Instagram,1301
ORD201091,2024-10-08,C16400,Laptop,3,209,123 Main St,Debit Card,Pending,TRK57771859,4,NO COUPON,Email,628
ORD201092,2023-08-21,C38642,Laptop,5,209,930 Main St,Debit Card,Delivered,TRK47744396,6,WINTER15,Email,1046
ORD201093,2023-06-09,C86773,Phone,4,197,557 Main St,Gift Card,Returned,TRK22612240,9,FREESHIP,Instagram,789
ORD201094,2023-06-28,C66093,Printer,4,649,615 Main St,Credit Card,Shipped,TRK54950785,6,SAVE10,Instagram,2596
ORD201095,2024-04-23,C33051,Phone,2,442,397 Main St,Online,Delivered,TRK92929755,2,SAVE10,Email,883
ORD201096,2025-05-03,C18169,Tablet,2,465,782 Main St,Debit Card,Returned,TRK49482923,2,NO COUPON,Facebook,930
ORD201097,2024-12-26,C81370,Monitor,5,506,344 Main St,Gift Card,Shipped,TRK99682998,7,WINTER15,Google,2532
ORD201098,2023-06-17,C91103,Monitor,4,256,155 Main St,Credit Card,Delivered,TRK91653000,7,NO COUPON,Email,1023
ORD201099,2024-09-19,C21953,Laptop,2,125,272 Main St,Cash,Cancelled,TRK60774796,3,FREESHIP,Email,250
ORD201100,2023-08-17,C15146,Laptop,5,38,428 Main St,Debit Card,Cancelled,TRK79790530,6,WINTER15,Instagram,191
ORD201101,2025-06-08,C43546,Monitor,3,162,904 Main St,Cash,Pending,TRK85871121,4,SAVE10,Email,486
ORD201102,2024-06-03,C98474,Chair,4,347,997 Main St,Debit Card,Shipped,TRK86192984,8,NO COUPON,Instagram,1389
ORD201103,2023-04-24,C90292,Laptop,4,276,129 Main St,Online,Delivered,TRK26270357,5,NO COUPON,Google,1105
ORD201104,2024-07-25,C17075,Tablet,4,315,850 Main St,Online,Shipped,TRK63547510,8,NO COUPON,Instagram,1259
ORD201105,2024-01-08,C12487,Tablet,3,476,884 Main St,Gift Card,Cancelled,TRK23324770,3,FREESHIP,Google,1427
ORD201106,2023-03-12,C34555,Chair,1,373,903 Main St,Cash,Cancelled,TRK72859458,6,SAVE10,Facebook,373
ORD201107,2025-06-30,C25110,Tablet,2,63,282 Main St,Online,Cancelled,TRK80963328,4,SAVE10,Google,126
ORD201108,2023-03-20,C35136,Laptop,1,635,462 Main St,Online,Cancelled,TRK49753703,5,WINTER15,Instagram,635
ORD201109,2024-04-08,C62277,Printer,4,77,474 Main St,Gift Card,Returned,TRK32026174,7,SAVE10,Instagram,310
ORD201110,2024-02-25,C12472,Chair,3,84,912 Main St,Credit Card,Shipped,TRK36103184,3,SAVE10,Email,253
ORD201111,2023-05-06,C24047,Monitor,4,234,362 Main St,Online,Cancelled,TRK91338580,9,FREESHIP,Instagram,938
ORD201112,2023-10-13,C76929,Desk,1,357,563 Main St,Online,Delivered,TRK80694400,1,WINTER15,Instagram,357
ORD201113,2023-03-19,C52914,Desk,4,210,168 Main St,Cash,Delivered,TRK80819053,8,NO COUPON,Google,840
ORD201114,2023-03-16,C55164,Tablet,3,660,609 Main St,Gift Card,Cancelled,TRK79610967,3,NO COUPON,Google,1980
ORD201115,2025-06-20,C70426,Laptop,2,336,562 Main St,Online,Returned,TRK89687816,3,NO COUPON,Google,673
ORD201116,2023-10-14,C69149,Printer,2,531,562 Main St,Credit Card,Delivered,TRK61265132,7,WINTER15,Facebook,1063
ORD201117,2024-05-20,C78684,Chair,3,588,858 Main St,Gift Card,Shipped,TRK95779073,8,WINTER15,Google,1765
ORD201118,2024-05-24,C58168,Phone,3,251,359 Main St,Credit Card,Returned,TRK99102265,4,NO COUPON,Email,754
ORD201119,2024-11-24,C99024,Laptop,1,685,250 Main St,Credit Card,Delivered,TRK24675988,1,FREESHIP,Email,685
ORD201120,2025-05-10,C22919,Tablet,1,196,267 Main St,Online,Pending,TRK82416295,3,NO COUPON,Facebook,196
ORD201121,2023-05-28,C98354,Phone,3,50,393 Main St,Gift Card,Returned,TRK43070888,3,FREESHIP,Instagram,151
ORD201122,2023-06-07,C38840,Monitor,5,678,766 Main St,Online,Returned,TRK32496970,8,NO COUPON,Facebook,3391
ORD201123,2023-04-14,C68936,Tablet,3,554,843 Main St,Debit Card,Shipped,TRK73163634,6,WINTER15,Referral,1663
ORD201124,2023-05-09,C33744,Chair,4,577,888 Main St,Gift Card,Returned,TRK40245983,5,NO COUPON,Instagram,2307
ORD201125,2023-10-16,C23555,Desk,4,408,156 Main St,Gift Card,Cancelled,TRK67210247,4,FREESHIP,Referral,1633
ORD201126,2024-07-22,C34337,Phone,5,190,325 Main St,Cash,Delivered,TRK36195559,7,SAVE10,Google,951
ORD201127,2025-03-15,C69396,Printer,3,603,920 Main St,Credit Card,Shipped,TRK33155049,6,SAVE10,Email,1808
ORD201128,2023-08-17,C49198,Monitor,3,647,447 Main St,Cash,Cancelled,TRK10883354,5,WINTER15,Google,1940
ORD201129,2023-06-11,C43911,Chair,4,419,239 Main St,Cash,Pending,TRK37495481,8,FREESHIP,Instagram,1675
ORD201130,2025-02-16,C24347,Laptop,2,323,533 Main St,Credit Card,Returned,TRK27233265,5,FREESHIP,Instagram,647
ORD201131,2024-07-18,C21043,Phone,1,695,195 Main St,Credit Card,Pending,TRK41691086,3,WINTER15,Facebook,695
ORD201132,2024-12-02,C58858,Chair,2,337,948 Main St,Credit Card,Cancelled,TRK30406357,4,SAVE10,Email,675
ORD201133,2024-04-09,C20670,Printer,2,468,432 Main St,Gift Card,Returned,TRK76731303,5,WINTER15,Facebook,936
ORD201134,2024-06-08,C90993,Desk,4,38,950 Main St,Debit Card,Cancelled,TRK53964711,4,WINTER15,Facebook,153
ORD201135,2023-12-28,C11473,Printer,2,73,562 Main St,Online,Shipped,TRK97793275,2,SAVE10,Google,147
ORD201136,2023-09-24,C71899,Tablet,3,668,799 Main St,Gift Card,Pending,TRK34856025,4,WINTER15,Facebook,2005
ORD201137,2024-07-29,C48577,Printer,4,410,841 Main St,Cash,Pending,TRK59911645,5,WINTER15,Instagram,1641
ORD201138,2023-12-18,C13100,Desk,4,294,188 Main St,Debit Card,Pending,TRK55565668,4,NO COUPON,Instagram,1178
ORD201139,2025-03-01,C70659,Chair,3,502,568 Main St,Gift Card,Cancelled,TRK28290825,4,FREESHIP,Email,1505
ORD201140,2024-06-24,C49838,Printer,2,553,904 Main St,Credit Card,Cancelled,TRK38297718,3,NO COUPON,Referral,1106
ORD201141,2025-02-16,C11998,Chair,3,499,382 Main St,Cash,Cancelled,TRK26707221,6,NO COUPON,Email,1496
ORD201142,2024-08-23,C23405,Phone,4,695,484 Main St,Debit Card,Returned,TRK83678708,8,NO COUPON,Email,2780
ORD201143,2023-04-03,C41132,Chair,1,382,114 Main St,Debit Card,Pending,TRK51040137,5,NO COUPON,Email,382
ORD201144,2023-02-16,C88463,Desk,5,508,292 Main St,Online,Cancelled,TRK88749996,9,NO COUPON,Facebook,2540
ORD201145,2025-05-12,C28152,Desk,3,572,821 Main St,Debit Card,Delivered,TRK59642814,6,FREESHIP,Facebook,1715
ORD201146,2024-10-03,C36383,Monitor,5,421,286 Main St,Cash,Pending,TRK93336357,5,SAVE10,Instagram,2107
ORD201147,2025-01-02,C19759,Chair,2,588,234 Main St,Online,Pending,TRK22515454,2,FREESHIP,Email,1177
ORD201148,2024-06-25,C54886,Phone,1,355,442 Main St,Cash,Returned,TRK66241930,2,SAVE10,Email,355
ORD201149,2024-07-25,C27305,Chair,2,695,957 Main St,Credit Card,Pending,TRK28789916,6,FREESHIP,Instagram,1391
ORD201150,2023-02-20,C17921,Desk,4,303,119 Main St,Credit Card,Cancelled,TRK79291524,8,SAVE10,Referral,1211
ORD201151,2023-01-29,C94381,Chair,2,608,962 Main St,Cash,Cancelled,TRK69804304,4,NO COUPON,Google,1216
ORD201152,2023-11-09,C25162,Tablet,2,344,533 Main St,Credit Card,Shipped,TRK42183078,7,NO COUPON,Referral,688
ORD201153,2024-12-16,C98317,Monitor,4,697,276 Main St,Debit Card,Shipped,TRK37172138,4,NO COUPON,Instagram,2787
ORD201154,2025-06-11,C53631,Monitor,3,199,593 Main St,Cash,Pending,TRK67589167,8,SAVE10,Instagram,596
ORD201155,2023-08-13,C41478,Printer,4,535,667 Main St,Credit Card,Delivered,TRK62068126,6,FREESHIP,Facebook,2138
ORD201156,2023-07-19,C20512,Laptop,4,691,980 Main St,Credit Card,Shipped,TRK98234737,9,NO COUPON,Referral,2763
ORD201157,2024-05-29,C25841,Monitor,3,302,242 Main St,Debit Card,Delivered,TRK21451375,5,FREESHIP,Google,905
ORD201158,2023-04-20,C82781,Monitor,4,27,661 Main St,Debit Card,Pending,TRK20605418,4,SAVE10,Referral,110
ORD201159,2024-02-23,C66112,Desk,4,467,874 Main St,Debit Card,Returned,TRK60955607,8,NO COUPON,Instagram,1867
ORD201160,2024-09-04,C40466,Desk,1,542,449 Main St,Debit Card,Shipped,TRK70255168,5,SAVE10,Email,542
ORD201161,2023-10-16,C32570,Phone,1,11,826 Main St,Cash,Cancelled,TRK35969968,6,WINTER15,Email,11
ORD201162,2025-03-11,C29405,Phone,2,224,251 Main St,Debit Card,Delivered,TRK33125798,3,WINTER15,Referral,449
ORD201163,2024-06-11,C30643,Laptop,3,306,966 Main St,Credit Card,Returned,TRK19477485,7,WINTER15,Instagram,919
ORD201164,2024-01-08,C65890,Tablet,5,316,340 Main St,Debit Card,Delivered,TRK64530489,6,WINTER15,Email,1578
ORD201165,2023-07-14,C36992,Chair,3,224,617 Main St,Debit Card,Pending,TRK63460217,3,NO COUPON,Google,671
ORD201166,2023-07-31,C95568,Chair,3,324,971 Main St,Cash,Delivered,TRK37075292,4,WINTER15,Email,973
ORD201167,2023-10-17,C17966,Printer,2,93,360 Main St,Credit Card,Pending,TRK31169396,5,FREESHIP,Facebook,186
ORD201168,2023-04-08,C89559,Laptop,2,331,297 Main St,Credit Card,Delivered,TRK82838108,6,WINTER15,Google,663
ORD201169,2024-12-23,C15849,Chair,1,525,643 Main St,Cash,Cancelled,TRK26794546,2,SAVE10,Instagram,525
ORD201170,2023-08-03,C94257,Printer,2,697,762 Main St,Cash,Returned,TRK40220743,7,FREESHIP,Email,1394
ORD201171,2023-08-28,C39911,Phone,4,518,699 Main St,Credit Card,Delivered,TRK80431998,7,SAVE10,Facebook,2074
ORD201172,2025-02-04,C28828,Desk,3,132,745 Main St,Credit Card,Pending,TRK32550359,8,NO COUPON,Instagram,396
ORD201173,2024-10-04,C82921,Monitor,1,208,703 Main St,Online,Shipped,TRK31079911,4,FREESHIP,Email,208
ORD201174,2023-11-27,C50159,Printer,3,222,105 Main St,Credit Card,Returned,TRK53737452,5,WINTER15,Email,667
ORD201175,2024-09-10,C62512,Printer,3,92,368 Main St,Debit Card,Returned,TRK24139954,8,FREESHIP,Referral,275
ORD201176,2023-08-13,C39260,Tablet,2,214,374 Main St,Debit Card,Cancelled,TRK55587314,2,WINTER15,Email,428
ORD201177,2023-04-27,C23917,Printer,1,128,433 Main St,Cash,Shipped,TRK44434536,3,SAVE10,Referral,128
ORD201178,2024-09-08,C65107,Monitor,1,70,456 Main St,Credit Card,Cancelled,TRK10261578,4,FREESHIP,Google,70
ORD201179,2023-01-08,C84630,Laptop,5,519,907 Main St,Credit Card,Cancelled,TRK48054997,6,WINTER15,Instagram,2593
ORD201180,2023-10-31,C42235,Chair,4,298,722 Main St,Debit Card,Pending,TRK49379882,8,FREESHIP,Google,1193
ORD201181,2023-07-27,C70246,Desk,3,159,293 Main St,Online,Pending,TRK45708320,7,FREESHIP,Instagram,476
ORD201182,2025-06-14,C18473,Chair,2,420,700 Main St,Gift Card,Returned,TRK97834202,3,SAVE10,Google,841
ORD201183,2023-04-05,C12607,Desk,1,282,460 Main St,Gift Card,Shipped,TRK83653396,6,WINTER15,Referral,282
ORD201184,2023-09-27,C10222,Laptop,1,204,979 Main St,Gift Card,Returned,TRK86297895,4,NO COUPON,Google,204
ORD201185,2024-07-08,C77344,Chair,1,343,777 Main St,Gift Card,Returned,TRK20605055,6,SAVE10,Google,343
ORD201186,2023-11-18,C65497,Monitor,1,163,676 Main St,Cash,Shipped,TRK83702761,6,WINTER15,Facebook,163
ORD201187,2024-03-13,C26340,Desk,2,185,562 Main St,Gift Card,Delivered,TRK59962703,7,WINTER15,Email,369
ORD201188,2023-10-07,C75619,Printer,2,371,924 Main St,Gift Card,Shipped,TRK23086941,5,WINTER15,Facebook,743
ORD201189,2024-08-17,C96136,Tablet,5,389,149 Main St,Cash,Cancelled,TRK60856682,7,NO COUPON,Referral,1946
ORD201190,2025-06-08,C46886,Desk,3,616,754 Main St,Credit Card,Shipped,TRK82791646,6,FREESHIP,Instagram,1849
ORD201191,2025-02-10,C44148,Desk,4,376,809 Main St,Gift Card,Pending,TRK67872709,5,WINTER15,Instagram,1506
ORD201192,2024-02-28,C72007,Chair,3,433,999 Main St,Online,Pending,TRK16240916,4,NO COUPON,Instagram,1299
ORD201193,2025-06-16,C45104,Tablet,1,688,348 Main St,Cash,Returned,TRK38559816,1,FREESHIP,Email,688
ORD201194,2023-11-19,C29885,Printer,3,189,725 Main St,Cash,Pending,TRK62067865,4,FREESHIP,Email,568
ORD201195,2024-06-20,C21126,Desk,1,107,392 Main St,Credit Card,Cancelled,TRK38009181,6,FREESHIP,Google,107
ORD201196,2024-03-04,C20095,Monitor,2,663,778 Main St,Online,Cancelled,TRK69207593,5,NO COUPON,Facebook,1325
ORD201197,2023-07-13,C79674,Tablet,2,437,275 Main St,Online,Delivered,TRK88039356,2,FREESHIP,Instagram,874
ORD201198,2024-08-22,C64753,Chair,4,263,509 Main St,Debit Card,Cancelled,TRK71683331,4,WINTER15,Instagram,1050
ORD201199,2023-06-11,C57502,Tablet,4,561,201 Main St,Gift Card,Returned,TRK51116746,6,SAVE10,Referral,2242
